DateKey,Date,Day,Month,MonthName,Quarter,Year,Week,DayName
20220101,2022-01-01,1,1,January,1,2022,52,Saturday
20220102,2022-01-02,2,1,January,1,2022,52,Sunday
20220103,2022-01-03,3,1,January,1,2022,1,Monday
20220104,2022-01-04,4,1,January,1,2022,1,Tuesday
20220105,2022-01-05,5,1,January,1,2022,1,Wednesday
20220106,2022-01-06,6,1,January,1,2022,1,Thursday
20220107,2022-01-07,7,1,January,1,2022,1,Friday
20220108,2022-01-08,8,1,January,1,2022,1,Saturday
20220109,2022-01-09,9,1,January,1,2022,1,Sunday
20220110,2022-01-10,10,1,January,1,2022,2,Monday
20220111,2022-01-11,11,1,January,1,2022,2,Tuesday
20220112,2022-01-12,12,1,January,1,2022,2,Wednesday
20220113,2022-01-13,13,1,January,1,2022,2,Thursday
20220114,2022-01-14,14,1,January,1,2022,2,Friday
20220115,2022-01-15,15,1,January,1,2022,2,Saturday
20220116,2022-01-16,16,1,January,1,2022,2,Sunday
20220117,2022-01-17,17,1,January,1,2022,3,Monday
20220118,2022-01-18,18,1,January,1,2022,3,Tuesday
20220119,2022-01-19,19,1,January,1,2022,3,Wednesday
20220120,2022-01-20,20,1,January,1,2022,3,Thursday
20220121,2022-01-21,21,1,January,1,2022,3,Friday
20220122,2022-01-22,22,1,January,1,2022,3,Saturday
20220123,2022-01-23,23,1,January,1,2022,3,Sunday
20220124,2022-01-24,24,1,January,1,2022,4,Monday
20220125,2022-01-25,25,1,January,1,2022,4,Tuesday
20220126,2022-01-26,26,1,January,1,2022,4,Wednesday
20220127,2022-01-27,27,1,January,1,2022,4,Thursday
20220128,2022-01-28,28,1,January,1,2022,4,Friday
20220129,2022-01-29,29,1,January,1,2022,4,Saturday
20220130,2022-01-30,30,1,January,1,2022,4,Sunday
20220131,2022-01-31,31,1,January,1,2022,5,Monday
20220201,2022-02-01,1,2,February,1,2022,5,Tuesday
20220202,2022-02-02,2,2,February,1,2022,5,Wednesday
20220203,2022-02-03,3,2,February,1,2022,5,Thursday
20220204,2022-02-04,4,2,February,1,2022,5,Friday
20220205,2022-02-05,5,2,February,1,2022,5,Saturday
20220206,2022-02-06,6,2,February,1,2022,5,Sunday
20220207,2022-02-07,7,2,February,1,2022,6,Monday
20220208,2022-02-08,8,2,February,1,2022,6,Tuesday
20220209,2022-02-09,9,2,February,1,2022,6,Wednesday
20220210,2022-02-10,10,2,February,1,2022,6,Thursday
20220211,2022-02-11,11,2,February,1,2022,6,Friday
20220212,2022-02-12,12,2,February,1,2022,6,Saturday
20220213,2022-02-13,13,2,February,1,2022,6,Sunday
20220214,2022-02-14,14,2,February,1,2022,7,Monday
20220215,2022-02-15,15,2,February,1,2022,7,Tuesday
20220216,2022-02-16,16,2,February,1,2022,7,Wednesday
20220217,2022-02-17,17,2,February,1,2022,7,Thursday
20220218,2022-02-18,18,2,February,1,2022,7,Friday
20220219,2022-02-19,19,2,February,1,2022,7,Saturday
20220220,2022-02-20,20,2,February,1,2022,7,Sunday
20220221,2022-02-21,21,2,February,1,2022,8,Monday
20220222,2022-02-22,22,2,February,1,2022,8,Tuesday
20220223,2022-02-23,23,2,February,1,2022,8,Wednesday
20220224,2022-02-24,24,2,February,1,2022,8,Thursday
20220225,2022-02-25,25,2,February,1,2022,8,Friday
20220226,2022-02-26,26,2,February,1,2022,8,Saturday
20220227,2022-02-27,27,2,February,1,2022,8,Sunday
20220228,2022-02-28,28,2,February,1,2022,9,Monday
20220301,2022-03-01,1,3,March,1,2022,9,Tuesday
20220302,2022-03-02,2,3,March,1,2022,9,Wednesday
20220303,2022-03-03,3,3,March,1,2022,9,Thursday
20220304,2022-03-04,4,3,March,1,2022,9,Friday
20220305,2022-03-05,5,3,March,1,2022,9,Saturday
20220306,2022-03-06,6,3,March,1,2022,9,Sunday
20220307,2022-03-07,7,3,March,1,2022,10,Monday
20220308,2022-03-08,8,3,March,1,2022,10,Tuesday
20220309,2022-03-09,9,3,March,1,2022,10,Wednesday
20220310,2022-03-10,10,3,March,1,2022,10,Thursday
20220311,2022-03-11,11,3,March,1,2022,10,Friday
20220312,2022-03-12,12,3,March,1,2022,10,Saturday
20220313,2022-03-13,13,3,March,1,2022,10,Sunday
20220314,2022-03-14,14,3,March,1,2022,11,Monday
20220315,2022-03-15,15,3,March,1,2022,11,Tuesday
20220316,2022-03-16,16,3,March,1,2022,11,Wednesday
20220317,2022-03-17,17,3,March,1,2022,11,Thursday
20220318,2022-03-18,18,3,March,1,2022,11,Friday
20220319,2022-03-19,19,3,March,1,2022,11,Saturday
20220320,2022-03-20,20,3,March,1,2022,11,Sunday
20220321,2022-03-21,21,3,March,1,2022,12,Monday
20220322,2022-03-22,22,3,March,1,2022,12,Tuesday
20220323,2022-03-23,23,3,March,1,2022,12,Wednesday
20220324,2022-03-24,24,3,March,1,2022,12,Thursday
20220325,2022-03-25,25,3,March,1,2022,12,Friday
20220326,2022-03-26,26,3,March,1,2022,12,Saturday
20220327,2022-03-27,27,3,March,1,2022,12,Sunday
20220328,2022-03-28,28,3,March,1,2022,13,Monday
20220329,2022-03-29,29,3,March,1,2022,13,Tuesday
20220330,2022-03-30,30,3,March,1,2022,13,Wednesday
20220331,2022-03-31,31,3,March,1,2022,13,Thursday
20220401,2022-04-01,1,4,April,2,2022,13,Friday
20220402,2022-04-02,2,4,April,2,2022,13,Saturday
20220403,2022-04-03,3,4,April,2,2022,13,Sunday
20220404,2022-04-04,4,4,April,2,2022,14,Monday
20220405,2022-04-05,5,4,April,2,2022,14,Tuesday
20220406,2022-04-06,6,4,April,2,2022,14,Wednesday
20220407,2022-04-07,7,4,April,2,2022,14,Thursday
20220408,2022-04-08,8,4,April,2,2022,14,Friday
20220409,2022-04-09,9,4,April,2,2022,14,Saturday
20220410,2022-04-10,10,4,April,2,2022,14,Sunday
20220411,2022-04-11,11,4,April,2,2022,15,Monday
20220412,2022-04-12,12,4,April,2,2022,15,Tuesday
20220413,2022-04-13,13,4,April,2,2022,15,Wednesday
20220414,2022-04-14,14,4,April,2,2022,15,Thursday
20220415,2022-04-15,15,4,April,2,2022,15,Friday
20220416,2022-04-16,16,4,April,2,2022,15,Saturday
20220417,2022-04-17,17,4,April,2,2022,15,Sunday
20220418,2022-04-18,18,4,April,2,2022,16,Monday
20220419,2022-04-19,19,4,April,2,2022,16,Tuesday
20220420,2022-04-20,20,4,April,2,2022,16,Wednesday
20220421,2022-04-21,21,4,April,2,2022,16,Thursday
20220422,2022-04-22,22,4,April,2,2022,16,Friday
20220423,2022-04-23,23,4,April,2,2022,16,Saturday
20220424,2022-04-24,24,4,April,2,2022,16,Sunday
20220425,2022-04-25,25,4,April,2,2022,17,Monday
20220426,2022-04-26,26,4,April,2,2022,17,Tuesday
20220427,2022-04-27,27,4,April,2,2022,17,Wednesday
20220428,2022-04-28,28,4,April,2,2022,17,Thursday
20220429,2022-04-29,29,4,April,2,2022,17,Friday
20220430,2022-04-30,30,4,April,2,2022,17,Saturday
20220501,2022-05-01,1,5,May,2,2022,17,Sunday
20220502,2022-05-02,2,5,May,2,2022,18,Monday
20220503,2022-05-03,3,5,May,2,2022,18,Tuesday
20220504,2022-05-04,4,5,May,2,2022,18,Wednesday
20220505,2022-05-05,5,5,May,2,2022,18,Thursday
20220506,2022-05-06,6,5,May,2,2022,18,Friday
20220507,2022-05-07,7,5,May,2,2022,18,Saturday
20220508,2022-05-08,8,5,May,2,2022,18,Sunday
20220509,2022-05-09,9,5,May,2,2022,19,Monday
20220510,2022-05-10,10,5,May,2,2022,19,Tuesday
20220511,2022-05-11,11,5,May,2,2022,19,Wednesday
20220512,2022-05-12,12,5,May,2,2022,19,Thursday
20220513,2022-05-13,13,5,May,2,2022,19,Friday
20220514,2022-05-14,14,5,May,2,2022,19,Saturday
20220515,2022-05-15,15,5,May,2,2022,19,Sunday
20220516,2022-05-16,16,5,May,2,2022,20,Monday
20220517,2022-05-17,17,5,May,2,2022,20,Tuesday
20220518,2022-05-18,18,5,May,2,2022,20,Wednesday
20220519,2022-05-19,19,5,May,2,2022,20,Thursday
20220520,2022-05-20,20,5,May,2,2022,20,Friday
20220521,2022-05-21,21,5,May,2,2022,20,Saturday
20220522,2022-05-22,22,5,May,2,2022,20,Sunday
20220523,2022-05-23,23,5,May,2,2022,21,Monday
20220524,2022-05-24,24,5,May,2,2022,21,Tuesday
20220525,2022-05-25,25,5,May,2,2022,21,Wednesday
20220526,2022-05-26,26,5,May,2,2022,21,Thursday
20220527,2022-05-27,27,5,May,2,2022,21,Friday
20220528,2022-05-28,28,5,May,2,2022,21,Saturday
20220529,2022-05-29,29,5,May,2,2022,21,Sunday
20220530,2022-05-30,30,5,May,2,2022,22,Monday
20220531,2022-05-31,31,5,May,2,2022,22,Tuesday
20220601,2022-06-01,1,6,June,2,2022,22,Wednesday
20220602,2022-06-02,2,6,June,2,2022,22,Thursday
20220603,2022-06-03,3,6,June,2,2022,22,Friday
20220604,2022-06-04,4,6,June,2,2022,22,Saturday
20220605,2022-06-05,5,6,June,2,2022,22,Sunday
20220606,2022-06-06,6,6,June,2,2022,23,Monday
20220607,2022-06-07,7,6,June,2,2022,23,Tuesday
20220608,2022-06-08,8,6,June,2,2022,23,Wednesday
20220609,2022-06-09,9,6,June,2,2022,23,Thursday
20220610,2022-06-10,10,6,June,2,2022,23,Friday
20220611,2022-06-11,11,6,June,2,2022,23,Saturday
20220612,2022-06-12,12,6,June,2,2022,23,Sunday
20220613,2022-06-13,13,6,June,2,2022,24,Monday
20220614,2022-06-14,14,6,June,2,2022,24,Tuesday
20220615,2022-06-15,15,6,June,2,2022,24,Wednesday
20220616,2022-06-16,16,6,June,2,2022,24,Thursday
20220617,2022-06-17,17,6,June,2,2022,24,Friday
20220618,2022-06-18,18,6,June,2,2022,24,Saturday
20220619,2022-06-19,19,6,June,2,2022,24,Sunday
20220620,2022-06-20,20,6,June,2,2022,25,Monday
20220621,2022-06-21,21,6,June,2,2022,25,Tuesday
20220622,2022-06-22,22,6,June,2,2022,25,Wednesday
20220623,2022-06-23,23,6,June,2,2022,25,Thursday
20220624,2022-06-24,24,6,June,2,2022,25,Friday
20220625,2022-06-25,25,6,June,2,2022,25,Saturday
20220626,2022-06-26,26,6,June,2,2022,25,Sunday
20220627,2022-06-27,27,6,June,2,2022,26,Monday
20220628,2022-06-28,28,6,June,2,2022,26,Tuesday
20220629,2022-06-29,29,6,June,2,2022,26,Wednesday
20220630,2022-06-30,30,6,June,2,2022,26,Thursday
20220701,2022-07-01,1,7,July,3,2022,26,Friday
20220702,2022-07-02,2,7,July,3,2022,26,Saturday
20220703,2022-07-03,3,7,July,3,2022,26,Sunday
20220704,2022-07-04,4,7,July,3,2022,27,Monday
20220705,2022-07-05,5,7,July,3,2022,27,Tuesday
20220706,2022-07-06,6,7,July,3,2022,27,Wednesday
20220707,2022-07-07,7,7,July,3,2022,27,Thursday
20220708,2022-07-08,8,7,July,3,2022,27,Friday
20220709,2022-07-09,9,7,July,3,2022,27,Saturday
20220710,2022-07-10,10,7,July,3,2022,27,Sunday
20220711,2022-07-11,11,7,July,3,2022,28,Monday
20220712,2022-07-12,12,7,July,3,2022,28,Tuesday
20220713,2022-07-13,13,7,July,3,2022,28,Wednesday
20220714,2022-07-14,14,7,July,3,2022,28,Thursday
20220715,2022-07-15,15,7,July,3,2022,28,Friday
20220716,2022-07-16,16,7,July,3,2022,28,Saturday
20220717,2022-07-17,17,7,July,3,2022,28,Sunday
20220718,2022-07-18,18,7,July,3,2022,29,Monday
20220719,2022-07-19,19,7,July,3,2022,29,Tuesday
20220720,2022-07-20,20,7,July,3,2022,29,Wednesday
20220721,2022-07-21,21,7,July,3,2022,29,Thursday
20220722,2022-07-22,22,7,July,3,2022,29,Friday
20220723,2022-07-23,23,7,July,3,2022,29,Saturday
20220724,2022-07-24,24,7,July,3,2022,29,Sunday
20220725,2022-07-25,25,7,July,3,2022,30,Monday
20220726,2022-07-26,26,7,July,3,2022,30,Tuesday
20220727,2022-07-27,27,7,July,3,2022,30,Wednesday
20220728,2022-07-28,28,7,July,3,2022,30,Thursday
20220729,2022-07-29,29,7,July,3,2022,30,Friday
20220730,2022-07-30,30,7,July,3,2022,30,Saturday
20220731,2022-07-31,31,7,July,3,2022,30,Sunday
20220801,2022-08-01,1,8,August,3,2022,31,Monday
20220802,2022-08-02,2,8,August,3,2022,31,Tuesday
20220803,2022-08-03,3,8,August,3,2022,31,Wednesday
20220804,2022-08-04,4,8,August,3,2022,31,Thursday
20220805,2022-08-05,5,8,August,3,2022,31,Friday
20220806,2022-08-06,6,8,August,3,2022,31,Saturday
20220807,2022-08-07,7,8,August,3,2022,31,Sunday
20220808,2022-08-08,8,8,August,3,2022,32,Monday
20220809,2022-08-09,9,8,August,3,2022,32,Tuesday
20220810,2022-08-10,10,8,August,3,2022,32,Wednesday
20220811,2022-08-11,11,8,August,3,2022,32,Thursday
20220812,2022-08-12,12,8,August,3,2022,32,Friday
20220813,2022-08-13,13,8,August,3,2022,32,Saturday
20220814,2022-08-14,14,8,August,3,2022,32,Sunday
20220815,2022-08-15,15,8,August,3,2022,33,Monday
20220816,2022-08-16,16,8,August,3,2022,33,Tuesday
20220817,2022-08-17,17,8,August,3,2022,33,Wednesday
20220818,2022-08-18,18,8,August,3,2022,33,Thursday
20220819,2022-08-19,19,8,August,3,2022,33,Friday
20220820,2022-08-20,20,8,August,3,2022,33,Saturday
20220821,2022-08-21,21,8,August,3,2022,33,Sunday
20220822,2022-08-22,22,8,August,3,2022,34,Monday
20220823,2022-08-23,23,8,August,3,2022,34,Tuesday
20220824,2022-08-24,24,8,August,3,2022,34,Wednesday
20220825,2022-08-25,25,8,August,3,2022,34,Thursday
20220826,2022-08-26,26,8,August,3,2022,34,Friday
20220827,2022-08-27,27,8,August,3,2022,34,Saturday
20220828,2022-08-28,28,8,August,3,2022,34,Sunday
20220829,2022-08-29,29,8,August,3,2022,35,Monday
20220830,2022-08-30,30,8,August,3,2022,35,Tuesday
20220831,2022-08-31,31,8,August,3,2022,35,Wednesday
20220901,2022-09-01,1,9,September,3,2022,35,Thursday
20220902,2022-09-02,2,9,September,3,2022,35,Friday
20220903,2022-09-03,3,9,September,3,2022,35,Saturday
20220904,2022-09-04,4,9,September,3,2022,35,Sunday
20220905,2022-09-05,5,9,September,3,2022,36,Monday
20220906,2022-09-06,6,9,September,3,2022,36,Tuesday
20220907,2022-09-07,7,9,September,3,2022,36,Wednesday
20220908,2022-09-08,8,9,September,3,2022,36,Thursday
20220909,2022-09-09,9,9,September,3,2022,36,Friday
20220910,2022-09-10,10,9,September,3,2022,36,Saturday
20220911,2022-09-11,11,9,September,3,2022,36,Sunday
20220912,2022-09-12,12,9,September,3,2022,37,Monday
20220913,2022-09-13,13,9,September,3,2022,37,Tuesday
20220914,2022-09-14,14,9,September,3,2022,37,Wednesday
20220915,2022-09-15,15,9,September,3,2022,37,Thursday
20220916,2022-09-16,16,9,September,3,2022,37,Friday
20220917,2022-09-17,17,9,September,3,2022,37,Saturday
20220918,2022-09-18,18,9,September,3,2022,37,Sunday
20220919,2022-09-19,19,9,September,3,2022,38,Monday
20220920,2022-09-20,20,9,September,3,2022,38,Tuesday
20220921,2022-09-21,21,9,September,3,2022,38,Wednesday
20220922,2022-09-22,22,9,September,3,2022,38,Thursday
20220923,2022-09-23,23,9,September,3,2022,38,Friday
20220924,2022-09-24,24,9,September,3,2022,38,Saturday
20220925,2022-09-25,25,9,September,3,2022,38,Sunday
20220926,2022-09-26,26,9,September,3,2022,39,Monday
20220927,2022-09-27,27,9,September,3,2022,39,Tuesday
20220928,2022-09-28,28,9,September,3,2022,39,Wednesday
20220929,2022-09-29,29,9,September,3,2022,39,Thursday
20220930,2022-09-30,30,9,September,3,2022,39,Friday
20221001,2022-10-01,1,10,October,4,2022,39,Saturday
20221002,2022-10-02,2,10,October,4,2022,39,Sunday
20221003,2022-10-03,3,10,October,4,2022,40,Monday
20221004,2022-10-04,4,10,October,4,2022,40,Tuesday
20221005,2022-10-05,5,10,October,4,2022,40,Wednesday
20221006,2022-10-06,6,10,October,4,2022,40,Thursday
20221007,2022-10-07,7,10,October,4,2022,40,Friday
20221008,2022-10-08,8,10,October,4,2022,40,Saturday
20221009,2022-10-09,9,10,October,4,2022,40,Sunday
20221010,2022-10-10,10,10,October,4,2022,41,Monday
20221011,2022-10-11,11,10,October,4,2022,41,Tuesday
20221012,2022-10-12,12,10,October,4,2022,41,Wednesday
20221013,2022-10-13,13,10,October,4,2022,41,Thursday
20221014,2022-10-14,14,10,October,4,2022,41,Friday
20221015,2022-10-15,15,10,October,4,2022,41,Saturday
20221016,2022-10-16,16,10,October,4,2022,41,Sunday
20221017,2022-10-17,17,10,October,4,2022,42,Monday
20221018,2022-10-18,18,10,October,4,2022,42,Tuesday
20221019,2022-10-19,19,10,October,4,2022,42,Wednesday
20221020,2022-10-20,20,10,October,4,2022,42,Thursday
20221021,2022-10-21,21,10,October,4,2022,42,Friday
20221022,2022-10-22,22,10,October,4,2022,42,Saturday
20221023,2022-10-23,23,10,October,4,2022,42,Sunday
20221024,2022-10-24,24,10,October,4,2022,43,Monday
20221025,2022-10-25,25,10,October,4,2022,43,Tuesday
20221026,2022-10-26,26,10,October,4,2022,43,Wednesday
20221027,2022-10-27,27,10,October,4,2022,43,Thursday
20221028,2022-10-28,28,10,October,4,2022,43,Friday
20221029,2022-10-29,29,10,October,4,2022,43,Saturday
20221030,2022-10-30,30,10,October,4,2022,43,Sunday
20221031,2022-10-31,31,10,October,4,2022,44,Monday
20221101,2022-11-01,1,11,November,4,2022,44,Tuesday
20221102,2022-11-02,2,11,November,4,2022,44,Wednesday
20221103,2022-11-03,3,11,November,4,2022,44,Thursday
20221104,2022-11-04,4,11,November,4,2022,44,Friday
20221105,2022-11-05,5,11,November,4,2022,44,Saturday
20221106,2022-11-06,6,11,November,4,2022,44,Sunday
20221107,2022-11-07,7,11,November,4,2022,45,Monday
20221108,2022-11-08,8,11,November,4,2022,45,Tuesday
20221109,2022-11-09,9,11,November,4,2022,45,Wednesday
20221110,2022-11-10,10,11,November,4,2022,45,Thursday
20221111,2022-11-11,11,11,November,4,2022,45,Friday
20221112,2022-11-12,12,11,November,4,2022,45,Saturday
20221113,2022-11-13,13,11,November,4,2022,45,Sunday
20221114,2022-11-14,14,11,November,4,2022,46,Monday
20221115,2022-11-15,15,11,November,4,2022,46,Tuesday
20221116,2022-11-16,16,11,November,4,2022,46,Wednesday
20221117,2022-11-17,17,11,November,4,2022,46,Thursday
20221118,2022-11-18,18,11,November,4,2022,46,Friday
20221119,2022-11-19,19,11,November,4,2022,46,Saturday
20221120,2022-11-20,20,11,November,4,2022,46,Sunday
20221121,2022-11-21,21,11,November,4,2022,47,Monday
20221122,2022-11-22,22,11,November,4,2022,47,Tuesday
20221123,2022-11-23,23,11,November,4,2022,47,Wednesday
20221124,2022-11-24,24,11,November,4,2022,47,Thursday
20221125,2022-11-25,25,11,November,4,2022,47,Friday
20221126,2022-11-26,26,11,November,4,2022,47,Saturday
20221127,2022-11-27,27,11,November,4,2022,47,Sunday
20221128,2022-11-28,28,11,November,4,2022,48,Monday
20221129,2022-11-29,29,11,November,4,2022,48,Tuesday
20221130,2022-11-30,30,11,November,4,2022,48,Wednesday
20221201,2022-12-01,1,12,December,4,2022,48,Thursday
20221202,2022-12-02,2,12,December,4,2022,48,Friday
20221203,2022-12-03,3,12,December,4,2022,48,Saturday
20221204,2022-12-04,4,12,December,4,2022,48,Sunday
20221205,2022-12-05,5,12,December,4,2022,49,Monday
20221206,2022-12-06,6,12,December,4,2022,49,Tuesday
20221207,2022-12-07,7,12,December,4,2022,49,Wednesday
20221208,2022-12-08,8,12,December,4,2022,49,Thursday
20221209,2022-12-09,9,12,December,4,2022,49,Friday
20221210,2022-12-10,10,12,December,4,2022,49,Saturday
20221211,2022-12-11,11,12,December,4,2022,49,Sunday
20221212,2022-12-12,12,12,December,4,2022,50,Monday
20221213,2022-12-13,13,12,December,4,2022,50,Tuesday
20221214,2022-12-14,14,12,December,4,2022,50,Wednesday
20221215,2022-12-15,15,12,December,4,2022,50,Thursday
20221216,2022-12-16,16,12,December,4,2022,50,Friday
20221217,2022-12-17,17,12,December,4,2022,50,Saturday
20221218,2022-12-18,18,12,December,4,2022,50,Sunday
20221219,2022-12-19,19,12,December,4,2022,51,Monday
20221220,2022-12-20,20,12,December,4,2022,51,Tuesday
20221221,2022-12-21,21,12,December,4,2022,51,Wednesday
20221222,2022-12-22,22,12,December,4,2022,51,Thursday
20221223,2022-12-23,23,12,December,4,2022,51,Friday
20221224,2022-12-24,24,12,December,4,2022,51,Saturday
20221225,2022-12-25,25,12,December,4,2022,51,Sunday
20221226,2022-12-26,26,12,December,4,2022,52,Monday
20221227,2022-12-27,27,12,December,4,2022,52,Tuesday
20221228,2022-12-28,28,12,December,4,2022,52,Wednesday
20221229,2022-12-29,29,12,December,4,2022,52,Thursday
20221230,2022-12-30,30,12,December,4,2022,52,Friday
20221231,2022-12-31,31,12,December,4,2022,52,Saturday
20230101,2023-01-01,1,1,January,1,2023,52,Sunday
20230102,2023-01-02,2,1,January,1,2023,1,Monday
20230103,2023-01-03,3,1,January,1,2023,1,Tuesday
20230104,2023-01-04,4,1,January,1,2023,1,Wednesday
20230105,2023-01-05,5,1,January,1,2023,1,Thursday
20230106,2023-01-06,6,1,January,1,2023,1,Friday
20230107,2023-01-07,7,1,January,1,2023,1,Saturday
20230108,2023-01-08,8,1,January,1,2023,1,Sunday
20230109,2023-01-09,9,1,January,1,2023,2,Monday
20230110,2023-01-10,10,1,January,1,2023,2,Tuesday
20230111,2023-01-11,11,1,January,1,2023,2,Wednesday
20230112,2023-01-12,12,1,January,1,2023,2,Thursday
20230113,2023-01-13,13,1,January,1,2023,2,Friday
20230114,2023-01-14,14,1,January,1,2023,2,Saturday
20230115,2023-01-15,15,1,January,1,2023,2,Sunday
20230116,2023-01-16,16,1,January,1,2023,3,Monday
20230117,2023-01-17,17,1,January,1,2023,3,Tuesday
20230118,2023-01-18,18,1,January,1,2023,3,Wednesday
20230119,2023-01-19,19,1,January,1,2023,3,Thursday
20230120,2023-01-20,20,1,January,1,2023,3,Friday
20230121,2023-01-21,21,1,January,1,2023,3,Saturday
20230122,2023-01-22,22,1,January,1,2023,3,Sunday
20230123,2023-01-23,23,1,January,1,2023,4,Monday
20230124,2023-01-24,24,1,January,1,2023,4,Tuesday
20230125,2023-01-25,25,1,January,1,2023,4,Wednesday
20230126,2023-01-26,26,1,January,1,2023,4,Thursday
20230127,2023-01-27,27,1,January,1,2023,4,Friday
20230128,2023-01-28,28,1,January,1,2023,4,Saturday
20230129,2023-01-29,29,1,January,1,2023,4,Sunday
20230130,2023-01-30,30,1,January,1,2023,5,Monday
20230131,2023-01-31,31,1,January,1,2023,5,Tuesday
20230201,2023-02-01,1,2,February,1,2023,5,Wednesday
20230202,2023-02-02,2,2,February,1,2023,5,Thursday
20230203,2023-02-03,3,2,February,1,2023,5,Friday
20230204,2023-02-04,4,2,February,1,2023,5,Saturday
20230205,2023-02-05,5,2,February,1,2023,5,Sunday
20230206,2023-02-06,6,2,February,1,2023,6,Monday
20230207,2023-02-07,7,2,February,1,2023,6,Tuesday
20230208,2023-02-08,8,2,February,1,2023,6,Wednesday
20230209,2023-02-09,9,2,February,1,2023,6,Thursday
20230210,2023-02-10,10,2,February,1,2023,6,Friday
20230211,2023-02-11,11,2,February,1,2023,6,Saturday
20230212,2023-02-12,12,2,February,1,2023,6,Sunday
20230213,2023-02-13,13,2,February,1,2023,7,Monday
20230214,2023-02-14,14,2,February,1,2023,7,Tuesday
20230215,2023-02-15,15,2,February,1,2023,7,Wednesday
20230216,2023-02-16,16,2,February,1,2023,7,Thursday
20230217,2023-02-17,17,2,February,1,2023,7,Friday
20230218,2023-02-18,18,2,February,1,2023,7,Saturday
20230219,2023-02-19,19,2,February,1,2023,7,Sunday
20230220,2023-02-20,20,2,February,1,2023,8,Monday
20230221,2023-02-21,21,2,February,1,2023,8,Tuesday
20230222,2023-02-22,22,2,February,1,2023,8,Wednesday
20230223,2023-02-23,23,2,February,1,2023,8,Thursday
20230224,2023-02-24,24,2,February,1,2023,8,Friday
20230225,2023-02-25,25,2,February,1,2023,8,Saturday
20230226,2023-02-26,26,2,February,1,2023,8,Sunday
20230227,2023-02-27,27,2,February,1,2023,9,Monday
20230228,2023-02-28,28,2,February,1,2023,9,Tuesday
20230301,2023-03-01,1,3,March,1,2023,9,Wednesday
20230302,2023-03-02,2,3,March,1,2023,9,Thursday
20230303,2023-03-03,3,3,March,1,2023,9,Friday
20230304,2023-03-04,4,3,March,1,2023,9,Saturday
20230305,2023-03-05,5,3,March,1,2023,9,Sunday
20230306,2023-03-06,6,3,March,1,2023,10,Monday
20230307,2023-03-07,7,3,March,1,2023,10,Tuesday
20230308,2023-03-08,8,3,March,1,2023,10,Wednesday
20230309,2023-03-09,9,3,March,1,2023,10,Thursday
20230310,2023-03-10,10,3,March,1,2023,10,Friday
20230311,2023-03-11,11,3,March,1,2023,10,Saturday
20230312,2023-03-12,12,3,March,1,2023,10,Sunday
20230313,2023-03-13,13,3,March,1,2023,11,Monday
20230314,2023-03-14,14,3,March,1,2023,11,Tuesday
20230315,2023-03-15,15,3,March,1,2023,11,Wednesday
20230316,2023-03-16,16,3,March,1,2023,11,Thursday
20230317,2023-03-17,17,3,March,1,2023,11,Friday
20230318,2023-03-18,18,3,March,1,2023,11,Saturday
20230319,2023-03-19,19,3,March,1,2023,11,Sunday
20230320,2023-03-20,20,3,March,1,2023,12,Monday
20230321,2023-03-21,21,3,March,1,2023,12,Tuesday
20230322,2023-03-22,22,3,March,1,2023,12,Wednesday
20230323,2023-03-23,23,3,March,1,2023,12,Thursday
20230324,2023-03-24,24,3,March,1,2023,12,Friday
20230325,2023-03-25,25,3,March,1,2023,12,Saturday
20230326,2023-03-26,26,3,March,1,2023,12,Sunday
20230327,2023-03-27,27,3,March,1,2023,13,Monday
20230328,2023-03-28,28,3,March,1,2023,13,Tuesday
20230329,2023-03-29,29,3,March,1,2023,13,Wednesday
20230330,2023-03-30,30,3,March,1,2023,13,Thursday
20230331,2023-03-31,31,3,March,1,2023,13,Friday
20230401,2023-04-01,1,4,April,2,2023,13,Saturday
20230402,2023-04-02,2,4,April,2,2023,13,Sunday
20230403,2023-04-03,3,4,April,2,2023,14,Monday
20230404,2023-04-04,4,4,April,2,2023,14,Tuesday
20230405,2023-04-05,5,4,April,2,2023,14,Wednesday
20230406,2023-04-06,6,4,April,2,2023,14,Thursday
20230407,2023-04-07,7,4,April,2,2023,14,Friday
20230408,2023-04-08,8,4,April,2,2023,14,Saturday
20230409,2023-04-09,9,4,April,2,2023,14,Sunday
20230410,2023-04-10,10,4,April,2,2023,15,Monday
20230411,2023-04-11,11,4,April,2,2023,15,Tuesday
20230412,2023-04-12,12,4,April,2,2023,15,Wednesday
20230413,2023-04-13,13,4,April,2,2023,15,Thursday
20230414,2023-04-14,14,4,April,2,2023,15,Friday
20230415,2023-04-15,15,4,April,2,2023,15,Saturday
20230416,2023-04-16,16,4,April,2,2023,15,Sunday
20230417,2023-04-17,17,4,April,2,2023,16,Monday
20230418,2023-04-18,18,4,April,2,2023,16,Tuesday
20230419,2023-04-19,19,4,April,2,2023,16,Wednesday
20230420,2023-04-20,20,4,April,2,2023,16,Thursday
20230421,2023-04-21,21,4,April,2,2023,16,Friday
20230422,2023-04-22,22,4,April,2,2023,16,Saturday
20230423,2023-04-23,23,4,April,2,2023,16,Sunday
20230424,2023-04-24,24,4,April,2,2023,17,Monday
20230425,2023-04-25,25,4,April,2,2023,17,Tuesday
20230426,2023-04-26,26,4,April,2,2023,17,Wednesday
20230427,2023-04-27,27,4,April,2,2023,17,Thursday
20230428,2023-04-28,28,4,April,2,2023,17,Friday
20230429,2023-04-29,29,4,April,2,2023,17,Saturday
20230430,2023-04-30,30,4,April,2,2023,17,Sunday
20230501,2023-05-01,1,5,May,2,2023,18,Monday
20230502,2023-05-02,2,5,May,2,2023,18,Tuesday
20230503,2023-05-03,3,5,May,2,2023,18,Wednesday
20230504,2023-05-04,4,5,May,2,2023,18,Thursday
20230505,2023-05-05,5,5,May,2,2023,18,Friday
20230506,2023-05-06,6,5,May,2,2023,18,Saturday
20230507,2023-05-07,7,5,May,2,2023,18,Sunday
20230508,2023-05-08,8,5,May,2,2023,19,Monday
20230509,2023-05-09,9,5,May,2,2023,19,Tuesday
20230510,2023-05-10,10,5,May,2,2023,19,Wednesday
20230511,2023-05-11,11,5,May,2,2023,19,Thursday
20230512,2023-05-12,12,5,May,2,2023,19,Friday
20230513,2023-05-13,13,5,May,2,2023,19,Saturday
20230514,2023-05-14,14,5,May,2,2023,19,Sunday
20230515,2023-05-15,15,5,May,2,2023,20,Monday
20230516,2023-05-16,16,5,May,2,2023,20,Tuesday
20230517,2023-05-17,17,5,May,2,2023,20,Wednesday
20230518,2023-05-18,18,5,May,2,2023,20,Thursday
20230519,2023-05-19,19,5,May,2,2023,20,Friday
20230520,2023-05-20,20,5,May,2,2023,20,Saturday
20230521,2023-05-21,21,5,May,2,2023,20,Sunday
20230522,2023-05-22,22,5,May,2,2023,21,Monday
20230523,2023-05-23,23,5,May,2,2023,21,Tuesday
20230524,2023-05-24,24,5,May,2,2023,21,Wednesday
20230525,2023-05-25,25,5,May,2,2023,21,Thursday
20230526,2023-05-26,26,5,May,2,2023,21,Friday
20230527,2023-05-27,27,5,May,2,2023,21,Saturday
20230528,2023-05-28,28,5,May,2,2023,21,Sunday
20230529,2023-05-29,29,5,May,2,2023,22,Monday
20230530,2023-05-30,30,5,May,2,2023,22,Tuesday
20230531,2023-05-31,31,5,May,2,2023,22,Wednesday
20230601,2023-06-01,1,6,June,2,2023,22,Thursday
20230602,2023-06-02,2,6,June,2,2023,22,Friday
20230603,2023-06-03,3,6,June,2,2023,22,Saturday
20230604,2023-06-04,4,6,June,2,2023,22,Sunday
20230605,2023-06-05,5,6,June,2,2023,23,Monday
20230606,2023-06-06,6,6,June,2,2023,23,Tuesday
20230607,2023-06-07,7,6,June,2,2023,23,Wednesday
20230608,2023-06-08,8,6,June,2,2023,23,Thursday
20230609,2023-06-09,9,6,June,2,2023,23,Friday
20230610,2023-06-10,10,6,June,2,2023,23,Saturday
20230611,2023-06-11,11,6,June,2,2023,23,Sunday
20230612,2023-06-12,12,6,June,2,2023,24,Monday
20230613,2023-06-13,13,6,June,2,2023,24,Tuesday
20230614,2023-06-14,14,6,June,2,2023,24,Wednesday
20230615,2023-06-15,15,6,June,2,2023,24,Thursday
20230616,2023-06-16,16,6,June,2,2023,24,Friday
20230617,2023-06-17,17,6,June,2,2023,24,Saturday
20230618,2023-06-18,18,6,June,2,2023,24,Sunday
20230619,2023-06-19,19,6,June,2,2023,25,Monday
20230620,2023-06-20,20,6,June,2,2023,25,Tuesday
20230621,2023-06-21,21,6,June,2,2023,25,Wednesday
20230622,2023-06-22,22,6,June,2,2023,25,Thursday
20230623,2023-06-23,23,6,June,2,2023,25,Friday
20230624,2023-06-24,24,6,June,2,2023,25,Saturday
20230625,2023-06-25,25,6,June,2,2023,25,Sunday
20230626,2023-06-26,26,6,June,2,2023,26,Monday
20230627,2023-06-27,27,6,June,2,2023,26,Tuesday
20230628,2023-06-28,28,6,June,2,2023,26,Wednesday
20230629,2023-06-29,29,6,June,2,2023,26,Thursday
20230630,2023-06-30,30,6,June,2,2023,26,Friday
20230701,2023-07-01,1,7,July,3,2023,26,Saturday
20230702,2023-07-02,2,7,July,3,2023,26,Sunday
20230703,2023-07-03,3,7,July,3,2023,27,Monday
20230704,2023-07-04,4,7,July,3,2023,27,Tuesday
20230705,2023-07-05,5,7,July,3,2023,27,Wednesday
20230706,2023-07-06,6,7,July,3,2023,27,Thursday
20230707,2023-07-07,7,7,July,3,2023,27,Friday
20230708,2023-07-08,8,7,July,3,2023,27,Saturday
20230709,2023-07-09,9,7,July,3,2023,27,Sunday
20230710,2023-07-10,10,7,July,3,2023,28,Monday
20230711,2023-07-11,11,7,July,3,2023,28,Tuesday
20230712,2023-07-12,12,7,July,3,2023,28,Wednesday
20230713,2023-07-13,13,7,July,3,2023,28,Thursday
20230714,2023-07-14,14,7,July,3,2023,28,Friday
20230715,2023-07-15,15,7,July,3,2023,28,Saturday
20230716,2023-07-16,16,7,July,3,2023,28,Sunday
20230717,2023-07-17,17,7,July,3,2023,29,Monday
20230718,2023-07-18,18,7,July,3,2023,29,Tuesday
20230719,2023-07-19,19,7,July,3,2023,29,Wednesday
20230720,2023-07-20,20,7,July,3,2023,29,Thursday
20230721,2023-07-21,21,7,July,3,2023,29,Friday
20230722,2023-07-22,22,7,July,3,2023,29,Saturday
20230723,2023-07-23,23,7,July,3,2023,29,Sunday
20230724,2023-07-24,24,7,July,3,2023,30,Monday
20230725,2023-07-25,25,7,July,3,2023,30,Tuesday
20230726,2023-07-26,26,7,July,3,2023,30,Wednesday
20230727,2023-07-27,27,7,July,3,2023,30,Thursday
20230728,2023-07-28,28,7,July,3,2023,30,Friday
20230729,2023-07-29,29,7,July,3,2023,30,Saturday
20230730,2023-07-30,30,7,July,3,2023,30,Sunday
20230731,2023-07-31,31,7,July,3,2023,31,Monday
20230801,2023-08-01,1,8,August,3,2023,31,Tuesday
20230802,2023-08-02,2,8,August,3,2023,31,Wednesday
20230803,2023-08-03,3,8,August,3,2023,31,Thursday
20230804,2023-08-04,4,8,August,3,2023,31,Friday
20230805,2023-08-05,5,8,August,3,2023,31,Saturday
20230806,2023-08-06,6,8,August,3,2023,31,Sunday
20230807,2023-08-07,7,8,August,3,2023,32,Monday
20230808,2023-08-08,8,8,August,3,2023,32,Tuesday
20230809,2023-08-09,9,8,August,3,2023,32,Wednesday
20230810,2023-08-10,10,8,August,3,2023,32,Thursday
20230811,2023-08-11,11,8,August,3,2023,32,Friday
20230812,2023-08-12,12,8,August,3,2023,32,Saturday
20230813,2023-08-13,13,8,August,3,2023,32,Sunday
20230814,2023-08-14,14,8,August,3,2023,33,Monday
20230815,2023-08-15,15,8,August,3,2023,33,Tuesday
20230816,2023-08-16,16,8,August,3,2023,33,Wednesday
20230817,2023-08-17,17,8,August,3,2023,33,Thursday
20230818,2023-08-18,18,8,August,3,2023,33,Friday
20230819,2023-08-19,19,8,August,3,2023,33,Saturday
20230820,2023-08-20,20,8,August,3,2023,33,Sunday
20230821,2023-08-21,21,8,August,3,2023,34,Monday
20230822,2023-08-22,22,8,August,3,2023,34,Tuesday
20230823,2023-08-23,23,8,August,3,2023,34,Wednesday
20230824,2023-08-24,24,8,August,3,2023,34,Thursday
20230825,2023-08-25,25,8,August,3,2023,34,Friday
20230826,2023-08-26,26,8,August,3,2023,34,Saturday
20230827,2023-08-27,27,8,August,3,2023,34,Sunday
20230828,2023-08-28,28,8,August,3,2023,35,Monday
20230829,2023-08-29,29,8,August,3,2023,35,Tuesday
20230830,2023-08-30,30,8,August,3,2023,35,Wednesday
20230831,2023-08-31,31,8,August,3,2023,35,Thursday
20230901,2023-09-01,1,9,September,3,2023,35,Friday
20230902,2023-09-02,2,9,September,3,2023,35,Saturday
20230903,2023-09-03,3,9,September,3,2023,35,Sunday
20230904,2023-09-04,4,9,September,3,2023,36,Monday
20230905,2023-09-05,5,9,September,3,2023,36,Tuesday
20230906,2023-09-06,6,9,September,3,2023,36,Wednesday
20230907,2023-09-07,7,9,September,3,2023,36,Thursday
20230908,2023-09-08,8,9,September,3,2023,36,Friday
20230909,2023-09-09,9,9,September,3,2023,36,Saturday
20230910,2023-09-10,10,9,September,3,2023,36,Sunday
20230911,2023-09-11,11,9,September,3,2023,37,Monday
20230912,2023-09-12,12,9,September,3,2023,37,Tuesday
20230913,2023-09-13,13,9,September,3,2023,37,Wednesday
20230914,2023-09-14,14,9,September,3,2023,37,Thursday
20230915,2023-09-15,15,9,September,3,2023,37,Friday
20230916,2023-09-16,16,9,September,3,2023,37,Saturday
20230917,2023-09-17,17,9,September,3,2023,37,Sunday
20230918,2023-09-18,18,9,September,3,2023,38,Monday
20230919,2023-09-19,19,9,September,3,2023,38,Tuesday
20230920,2023-09-20,20,9,September,3,2023,38,Wednesday
20230921,2023-09-21,21,9,September,3,2023,38,Thursday
20230922,2023-09-22,22,9,September,3,2023,38,Friday
20230923,2023-09-23,23,9,September,3,2023,38,Saturday
20230924,2023-09-24,24,9,September,3,2023,38,Sunday
20230925,2023-09-25,25,9,September,3,2023,39,Monday
20230926,2023-09-26,26,9,September,3,2023,39,Tuesday
20230927,2023-09-27,27,9,September,3,2023,39,Wednesday
20230928,2023-09-28,28,9,September,3,2023,39,Thursday
20230929,2023-09-29,29,9,September,3,2023,39,Friday
20230930,2023-09-30,30,9,September,3,2023,39,Saturday
20231001,2023-10-01,1,10,October,4,2023,39,Sunday
20231002,2023-10-02,2,10,October,4,2023,40,Monday
20231003,2023-10-03,3,10,October,4,2023,40,Tuesday
20231004,2023-10-04,4,10,October,4,2023,40,Wednesday
20231005,2023-10-05,5,10,October,4,2023,40,Thursday
20231006,2023-10-06,6,10,October,4,2023,40,Friday
20231007,2023-10-07,7,10,October,4,2023,40,Saturday
20231008,2023-10-08,8,10,October,4,2023,40,Sunday
20231009,2023-10-09,9,10,October,4,2023,41,Monday
20231010,2023-10-10,10,10,October,4,2023,41,Tuesday
20231011,2023-10-11,11,10,October,4,2023,41,Wednesday
20231012,2023-10-12,12,10,October,4,2023,41,Thursday
20231013,2023-10-13,13,10,October,4,2023,41,Friday
20231014,2023-10-14,14,10,October,4,2023,41,Saturday
20231015,2023-10-15,15,10,October,4,2023,41,Sunday
20231016,2023-10-16,16,10,October,4,2023,42,Monday
20231017,2023-10-17,17,10,October,4,2023,42,Tuesday
20231018,2023-10-18,18,10,October,4,2023,42,Wednesday
20231019,2023-10-19,19,10,October,4,2023,42,Thursday
20231020,2023-10-20,20,10,October,4,2023,42,Friday
20231021,2023-10-21,21,10,October,4,2023,42,Saturday
20231022,2023-10-22,22,10,October,4,2023,42,Sunday
20231023,2023-10-23,23,10,October,4,2023,43,Monday
20231024,2023-10-24,24,10,October,4,2023,43,Tuesday
20231025,2023-10-25,25,10,October,4,2023,43,Wednesday
20231026,2023-10-26,26,10,October,4,2023,43,Thursday
20231027,2023-10-27,27,10,October,4,2023,43,Friday
20231028,2023-10-28,28,10,October,4,2023,43,Saturday
20231029,2023-10-29,29,10,October,4,2023,43,Sunday
20231030,2023-10-30,30,10,October,4,2023,44,Monday
20231031,2023-10-31,31,10,October,4,2023,44,Tuesday
20231101,2023-11-01,1,11,November,4,2023,44,Wednesday
20231102,2023-11-02,2,11,November,4,2023,44,Thursday
20231103,2023-11-03,3,11,November,4,2023,44,Friday
20231104,2023-11-04,4,11,November,4,2023,44,Saturday
20231105,2023-11-05,5,11,November,4,2023,44,Sunday
20231106,2023-11-06,6,11,November,4,2023,45,Monday
20231107,2023-11-07,7,11,November,4,2023,45,Tuesday
20231108,2023-11-08,8,11,November,4,2023,45,Wednesday
20231109,2023-11-09,9,11,November,4,2023,45,Thursday
20231110,2023-11-10,10,11,November,4,2023,45,Friday
20231111,2023-11-11,11,11,November,4,2023,45,Saturday
20231112,2023-11-12,12,11,November,4,2023,45,Sunday
20231113,2023-11-13,13,11,November,4,2023,46,Monday
20231114,2023-11-14,14,11,November,4,2023,46,Tuesday
20231115,2023-11-15,15,11,November,4,2023,46,Wednesday
20231116,2023-11-16,16,11,November,4,2023,46,Thursday
20231117,2023-11-17,17,11,November,4,2023,46,Friday
20231118,2023-11-18,18,11,November,4,2023,46,Saturday
20231119,2023-11-19,19,11,November,4,2023,46,Sunday
20231120,2023-11-20,20,11,November,4,2023,47,Monday
20231121,2023-11-21,21,11,November,4,2023,47,Tuesday
20231122,2023-11-22,22,11,November,4,2023,47,Wednesday
20231123,2023-11-23,23,11,November,4,2023,47,Thursday
20231124,2023-11-24,24,11,November,4,2023,47,Friday
20231125,2023-11-25,25,11,November,4,2023,47,Saturday
20231126,2023-11-26,26,11,November,4,2023,47,Sunday
20231127,2023-11-27,27,11,November,4,2023,48,Monday
20231128,2023-11-28,28,11,November,4,2023,48,Tuesday
20231129,2023-11-29,29,11,November,4,2023,48,Wednesday
20231130,2023-11-30,30,11,November,4,2023,48,Thursday
20231201,2023-12-01,1,12,December,4,2023,48,Friday
20231202,2023-12-02,2,12,December,4,2023,48,Saturday
20231203,2023-12-03,3,12,December,4,2023,48,Sunday
20231204,2023-12-04,4,12,December,4,2023,49,Monday
20231205,2023-12-05,5,12,December,4,2023,49,Tuesday
20231206,2023-12-06,6,12,December,4,2023,49,Wednesday
20231207,2023-12-07,7,12,December,4,2023,49,Thursday
20231208,2023-12-08,8,12,December,4,2023,49,Friday
20231209,2023-12-09,9,12,December,4,2023,49,Saturday
20231210,2023-12-10,10,12,December,4,2023,49,Sunday
20231211,2023-12-11,11,12,December,4,2023,50,Monday
20231212,2023-12-12,12,12,December,4,2023,50,Tuesday
20231213,2023-12-13,13,12,December,4,2023,50,Wednesday
20231214,2023-12-14,14,12,December,4,2023,50,Thursday
20231215,2023-12-15,15,12,December,4,2023,50,Friday
20231216,2023-12-16,16,12,December,4,2023,50,Saturday
20231217,2023-12-17,17,12,December,4,2023,50,Sunday
20231218,2023-12-18,18,12,December,4,2023,51,Monday
20231219,2023-12-19,19,12,December,4,2023,51,Tuesday
20231220,2023-12-20,20,12,December,4,2023,51,Wednesday
20231221,2023-12-21,21,12,December,4,2023,51,Thursday
20231222,2023-12-22,22,12,December,4,2023,51,Friday
20231223,2023-12-23,23,12,December,4,2023,51,Saturday
20231224,2023-12-24,24,12,December,4,2023,51,Sunday
20231225,2023-12-25,25,12,December,4,2023,52,Monday
20231226,2023-12-26,26,12,December,4,2023,52,Tuesday
20231227,2023-12-27,27,12,December,4,2023,52,Wednesday
20231228,2023-12-28,28,12,December,4,2023,52,Thursday
20231229,2023-12-29,29,12,December,4,2023,52,Friday
20231230,2023-12-30,30,12,December,4,2023,52,Saturday
20231231,2023-12-31,31,12,December,4,2023,52,Sunday
20240101,2024-01-01,1,1,January,1,2024,1,Monday
20240102,2024-01-02,2,1,January,1,2024,1,Tuesday
20240103,2024-01-03,3,1,January,1,2024,1,Wednesday
20240104,2024-01-04,4,1,January,1,2024,1,Thursday
20240105,2024-01-05,5,1,January,1,2024,1,Friday
20240106,2024-01-06,6,1,January,1,2024,1,Saturday
20240107,2024-01-07,7,1,January,1,2024,1,Sunday
20240108,2024-01-08,8,1,January,1,2024,2,Monday
20240109,2024-01-09,9,1,January,1,2024,2,Tuesday
20240110,2024-01-10,10,1,January,1,2024,2,Wednesday
20240111,2024-01-11,11,1,January,1,2024,2,Thursday
20240112,2024-01-12,12,1,January,1,2024,2,Friday
20240113,2024-01-13,13,1,January,1,2024,2,Saturday
20240114,2024-01-14,14,1,January,1,2024,2,Sunday
20240115,2024-01-15,15,1,January,1,2024,3,Monday
20240116,2024-01-16,16,1,January,1,2024,3,Tuesday
20240117,2024-01-17,17,1,January,1,2024,3,Wednesday
20240118,2024-01-18,18,1,January,1,2024,3,Thursday
20240119,2024-01-19,19,1,January,1,2024,3,Friday
20240120,2024-01-20,20,1,January,1,2024,3,Saturday
20240121,2024-01-21,21,1,January,1,2024,3,Sunday
20240122,2024-01-22,22,1,January,1,2024,4,Monday
20240123,2024-01-23,23,1,January,1,2024,4,Tuesday
20240124,2024-01-24,24,1,January,1,2024,4,Wednesday
20240125,2024-01-25,25,1,January,1,2024,4,Thursday
20240126,2024-01-26,26,1,January,1,2024,4,Friday
20240127,2024-01-27,27,1,January,1,2024,4,Saturday
20240128,2024-01-28,28,1,January,1,2024,4,Sunday
20240129,2024-01-29,29,1,January,1,2024,5,Monday
20240130,2024-01-30,30,1,January,1,2024,5,Tuesday
20240131,2024-01-31,31,1,January,1,2024,5,Wednesday
20240201,2024-02-01,1,2,February,1,2024,5,Thursday
20240202,2024-02-02,2,2,February,1,2024,5,Friday
20240203,2024-02-03,3,2,February,1,2024,5,Saturday
20240204,2024-02-04,4,2,February,1,2024,5,Sunday
20240205,2024-02-05,5,2,February,1,2024,6,Monday
20240206,2024-02-06,6,2,February,1,2024,6,Tuesday
20240207,2024-02-07,7,2,February,1,2024,6,Wednesday
20240208,2024-02-08,8,2,February,1,2024,6,Thursday
20240209,2024-02-09,9,2,February,1,2024,6,Friday
20240210,2024-02-10,10,2,February,1,2024,6,Saturday
20240211,2024-02-11,11,2,February,1,2024,6,Sunday
20240212,2024-02-12,12,2,February,1,2024,7,Monday
20240213,2024-02-13,13,2,February,1,2024,7,Tuesday
20240214,2024-02-14,14,2,February,1,2024,7,Wednesday
20240215,2024-02-15,15,2,February,1,2024,7,Thursday
20240216,2024-02-16,16,2,February,1,2024,7,Friday
20240217,2024-02-17,17,2,February,1,2024,7,Saturday
20240218,2024-02-18,18,2,February,1,2024,7,Sunday
20240219,2024-02-19,19,2,February,1,2024,8,Monday
20240220,2024-02-20,20,2,February,1,2024,8,Tuesday
20240221,2024-02-21,21,2,February,1,2024,8,Wednesday
20240222,2024-02-22,22,2,February,1,2024,8,Thursday
20240223,2024-02-23,23,2,February,1,2024,8,Friday
20240224,2024-02-24,24,2,February,1,2024,8,Saturday
20240225,2024-02-25,25,2,February,1,2024,8,Sunday
20240226,2024-02-26,26,2,February,1,2024,9,Monday
20240227,2024-02-27,27,2,February,1,2024,9,Tuesday
20240228,2024-02-28,28,2,February,1,2024,9,Wednesday
20240229,2024-02-29,29,2,February,1,2024,9,Thursday
20240301,2024-03-01,1,3,March,1,2024,9,Friday
20240302,2024-03-02,2,3,March,1,2024,9,Saturday
20240303,2024-03-03,3,3,March,1,2024,9,Sunday
20240304,2024-03-04,4,3,March,1,2024,10,Monday
20240305,2024-03-05,5,3,March,1,2024,10,Tuesday
20240306,2024-03-06,6,3,March,1,2024,10,Wednesday
20240307,2024-03-07,7,3,March,1,2024,10,Thursday
20240308,2024-03-08,8,3,March,1,2024,10,Friday
20240309,2024-03-09,9,3,March,1,2024,10,Saturday
20240310,2024-03-10,10,3,March,1,2024,10,Sunday
20240311,2024-03-11,11,3,March,1,2024,11,Monday
20240312,2024-03-12,12,3,March,1,2024,11,Tuesday
20240313,2024-03-13,13,3,March,1,2024,11,Wednesday
20240314,2024-03-14,14,3,March,1,2024,11,Thursday
20240315,2024-03-15,15,3,March,1,2024,11,Friday
20240316,2024-03-16,16,3,March,1,2024,11,Saturday
20240317,2024-03-17,17,3,March,1,2024,11,Sunday
20240318,2024-03-18,18,3,March,1,2024,12,Monday
20240319,2024-03-19,19,3,March,1,2024,12,Tuesday
20240320,2024-03-20,20,3,March,1,2024,12,Wednesday
20240321,2024-03-21,21,3,March,1,2024,12,Thursday
20240322,2024-03-22,22,3,March,1,2024,12,Friday
20240323,2024-03-23,23,3,March,1,2024,12,Saturday
20240324,2024-03-24,24,3,March,1,2024,12,Sunday
20240325,2024-03-25,25,3,March,1,2024,13,Monday
20240326,2024-03-26,26,3,March,1,2024,13,Tuesday
20240327,2024-03-27,27,3,March,1,2024,13,Wednesday
20240328,2024-03-28,28,3,March,1,2024,13,Thursday
20240329,2024-03-29,29,3,March,1,2024,13,Friday
20240330,2024-03-30,30,3,March,1,2024,13,Saturday
20240331,2024-03-31,31,3,March,1,2024,13,Sunday
20240401,2024-04-01,1,4,April,2,2024,14,Monday
20240402,2024-04-02,2,4,April,2,2024,14,Tuesday
20240403,2024-04-03,3,4,April,2,2024,14,Wednesday
20240404,2024-04-04,4,4,April,2,2024,14,Thursday
20240405,2024-04-05,5,4,April,2,2024,14,Friday
20240406,2024-04-06,6,4,April,2,2024,14,Saturday
20240407,2024-04-07,7,4,April,2,2024,14,Sunday
20240408,2024-04-08,8,4,April,2,2024,15,Monday
20240409,2024-04-09,9,4,April,2,2024,15,Tuesday
20240410,2024-04-10,10,4,April,2,2024,15,Wednesday
20240411,2024-04-11,11,4,April,2,2024,15,Thursday
20240412,2024-04-12,12,4,April,2,2024,15,Friday
20240413,2024-04-13,13,4,April,2,2024,15,Saturday
20240414,2024-04-14,14,4,April,2,2024,15,Sunday
20240415,2024-04-15,15,4,April,2,2024,16,Monday
20240416,2024-04-16,16,4,April,2,2024,16,Tuesday
20240417,2024-04-17,17,4,April,2,2024,16,Wednesday
20240418,2024-04-18,18,4,April,2,2024,16,Thursday
20240419,2024-04-19,19,4,April,2,2024,16,Friday
20240420,2024-04-20,20,4,April,2,2024,16,Saturday
20240421,2024-04-21,21,4,April,2,2024,16,Sunday
20240422,2024-04-22,22,4,April,2,2024,17,Monday
20240423,2024-04-23,23,4,April,2,2024,17,Tuesday
20240424,2024-04-24,24,4,April,2,2024,17,Wednesday
20240425,2024-04-25,25,4,April,2,2024,17,Thursday
20240426,2024-04-26,26,4,April,2,2024,17,Friday
20240427,2024-04-27,27,4,April,2,2024,17,Saturday
20240428,2024-04-28,28,4,April,2,2024,17,Sunday
20240429,2024-04-29,29,4,April,2,2024,18,Monday
20240430,2024-04-30,30,4,April,2,2024,18,Tuesday
20240501,2024-05-01,1,5,May,2,2024,18,Wednesday
20240502,2024-05-02,2,5,May,2,2024,18,Thursday
20240503,2024-05-03,3,5,May,2,2024,18,Friday
20240504,2024-05-04,4,5,May,2,2024,18,Saturday
20240505,2024-05-05,5,5,May,2,2024,18,Sunday
20240506,2024-05-06,6,5,May,2,2024,19,Monday
20240507,2024-05-07,7,5,May,2,2024,19,Tuesday
20240508,2024-05-08,8,5,May,2,2024,19,Wednesday
20240509,2024-05-09,9,5,May,2,2024,19,Thursday
20240510,2024-05-10,10,5,May,2,2024,19,Friday
20240511,2024-05-11,11,5,May,2,2024,19,Saturday
20240512,2024-05-12,12,5,May,2,2024,19,Sunday
20240513,2024-05-13,13,5,May,2,2024,20,Monday
20240514,2024-05-14,14,5,May,2,2024,20,Tuesday
20240515,2024-05-15,15,5,May,2,2024,20,Wednesday
20240516,2024-05-16,16,5,May,2,2024,20,Thursday
20240517,2024-05-17,17,5,May,2,2024,20,Friday
20240518,2024-05-18,18,5,May,2,2024,20,Saturday
20240519,2024-05-19,19,5,May,2,2024,20,Sunday
20240520,2024-05-20,20,5,May,2,2024,21,Monday
20240521,2024-05-21,21,5,May,2,2024,21,Tuesday
20240522,2024-05-22,22,5,May,2,2024,21,Wednesday
20240523,2024-05-23,23,5,May,2,2024,21,Thursday
20240524,2024-05-24,24,5,May,2,2024,21,Friday
20240525,2024-05-25,25,5,May,2,2024,21,Saturday
20240526,2024-05-26,26,5,May,2,2024,21,Sunday
20240527,2024-05-27,27,5,May,2,2024,22,Monday
20240528,2024-05-28,28,5,May,2,2024,22,Tuesday
20240529,2024-05-29,29,5,May,2,2024,22,Wednesday
20240530,2024-05-30,30,5,May,2,2024,22,Thursday
20240531,2024-05-31,31,5,May,2,2024,22,Friday
20240601,2024-06-01,1,6,June,2,2024,22,Saturday
20240602,2024-06-02,2,6,June,2,2024,22,Sunday
20240603,2024-06-03,3,6,June,2,2024,23,Monday
20240604,2024-06-04,4,6,June,2,2024,23,Tuesday
20240605,2024-06-05,5,6,June,2,2024,23,Wednesday
20240606,2024-06-06,6,6,June,2,2024,23,Thursday
20240607,2024-06-07,7,6,June,2,2024,23,Friday
20240608,2024-06-08,8,6,June,2,2024,23,Saturday
20240609,2024-06-09,9,6,June,2,2024,23,Sunday
20240610,2024-06-10,10,6,June,2,2024,24,Monday
20240611,2024-06-11,11,6,June,2,2024,24,Tuesday
20240612,2024-06-12,12,6,June,2,2024,24,Wednesday
20240613,2024-06-13,13,6,June,2,2024,24,Thursday
20240614,2024-06-14,14,6,June,2,2024,24,Friday
20240615,2024-06-15,15,6,June,2,2024,24,Saturday
20240616,2024-06-16,16,6,June,2,2024,24,Sunday
20240617,2024-06-17,17,6,June,2,2024,25,Monday
20240618,2024-06-18,18,6,June,2,2024,25,Tuesday
20240619,2024-06-19,19,6,June,2,2024,25,Wednesday
20240620,2024-06-20,20,6,June,2,2024,25,Thursday
20240621,2024-06-21,21,6,June,2,2024,25,Friday
20240622,2024-06-22,22,6,June,2,2024,25,Saturday
20240623,2024-06-23,23,6,June,2,2024,25,Sunday
20240624,2024-06-24,24,6,June,2,2024,26,Monday
20240625,2024-06-25,25,6,June,2,2024,26,Tuesday
20240626,2024-06-26,26,6,June,2,2024,26,Wednesday
20240627,2024-06-27,27,6,June,2,2024,26,Thursday
20240628,2024-06-28,28,6,June,2,2024,26,Friday
20240629,2024-06-29,29,6,June,2,2024,26,Saturday
20240630,2024-06-30,30,6,June,2,2024,26,Sunday
20240701,2024-07-01,1,7,July,3,2024,27,Monday
20240702,2024-07-02,2,7,July,3,2024,27,Tuesday
20240703,2024-07-03,3,7,July,3,2024,27,Wednesday
20240704,2024-07-04,4,7,July,3,2024,27,Thursday
20240705,2024-07-05,5,7,July,3,2024,27,Friday
20240706,2024-07-06,6,7,July,3,2024,27,Saturday
20240707,2024-07-07,7,7,July,3,2024,27,Sunday
20240708,2024-07-08,8,7,July,3,2024,28,Monday
20240709,2024-07-09,9,7,July,3,2024,28,Tuesday
20240710,2024-07-10,10,7,July,3,2024,28,Wednesday
20240711,2024-07-11,11,7,July,3,2024,28,Thursday
20240712,2024-07-12,12,7,July,3,2024,28,Friday
20240713,2024-07-13,13,7,July,3,2024,28,Saturday
20240714,2024-07-14,14,7,July,3,2024,28,Sunday
20240715,2024-07-15,15,7,July,3,2024,29,Monday
20240716,2024-07-16,16,7,July,3,2024,29,Tuesday
20240717,2024-07-17,17,7,July,3,2024,29,Wednesday
20240718,2024-07-18,18,7,July,3,2024,29,Thursday
20240719,2024-07-19,19,7,July,3,2024,29,Friday
20240720,2024-07-20,20,7,July,3,2024,29,Saturday
20240721,2024-07-21,21,7,July,3,2024,29,Sunday
20240722,2024-07-22,22,7,July,3,2024,30,Monday
20240723,2024-07-23,23,7,July,3,2024,30,Tuesday
20240724,2024-07-24,24,7,July,3,2024,30,Wednesday
20240725,2024-07-25,25,7,July,3,2024,30,Thursday
20240726,2024-07-26,26,7,July,3,2024,30,Friday
20240727,2024-07-27,27,7,July,3,2024,30,Saturday
20240728,2024-07-28,28,7,July,3,2024,30,Sunday
20240729,2024-07-29,29,7,July,3,2024,31,Monday
20240730,2024-07-30,30,7,July,3,2024,31,Tuesday
20240731,2024-07-31,31,7,July,3,2024,31,Wednesday
20240801,2024-08-01,1,8,August,3,2024,31,Thursday
20240802,2024-08-02,2,8,August,3,2024,31,Friday
20240803,2024-08-03,3,8,August,3,2024,31,Saturday
20240804,2024-08-04,4,8,August,3,2024,31,Sunday
20240805,2024-08-05,5,8,August,3,2024,32,Monday
20240806,2024-08-06,6,8,August,3,2024,32,Tuesday
20240807,2024-08-07,7,8,August,3,2024,32,Wednesday
20240808,2024-08-08,8,8,August,3,2024,32,Thursday
20240809,2024-08-09,9,8,August,3,2024,32,Friday
20240810,2024-08-10,10,8,August,3,2024,32,Saturday
20240811,2024-08-11,11,8,August,3,2024,32,Sunday
20240812,2024-08-12,12,8,August,3,2024,33,Monday
20240813,2024-08-13,13,8,August,3,2024,33,Tuesday
20240814,2024-08-14,14,8,August,3,2024,33,Wednesday
20240815,2024-08-15,15,8,August,3,2024,33,Thursday
20240816,2024-08-16,16,8,August,3,2024,33,Friday
20240817,2024-08-17,17,8,August,3,2024,33,Saturday
20240818,2024-08-18,18,8,August,3,2024,33,Sunday
20240819,2024-08-19,19,8,August,3,2024,34,Monday
20240820,2024-08-20,20,8,August,3,2024,34,Tuesday
20240821,2024-08-21,21,8,August,3,2024,34,Wednesday
20240822,2024-08-22,22,8,August,3,2024,34,Thursday
20240823,2024-08-23,23,8,August,3,2024,34,Friday
20240824,2024-08-24,24,8,August,3,2024,34,Saturday
20240825,2024-08-25,25,8,August,3,2024,34,Sunday
20240826,2024-08-26,26,8,August,3,2024,35,Monday
20240827,2024-08-27,27,8,August,3,2024,35,Tuesday
20240828,2024-08-28,28,8,August,3,2024,35,Wednesday
20240829,2024-08-29,29,8,August,3,2024,35,Thursday
20240830,2024-08-30,30,8,August,3,2024,35,Friday
20240831,2024-08-31,31,8,August,3,2024,35,Saturday
20240901,2024-09-01,1,9,September,3,2024,35,Sunday
20240902,2024-09-02,2,9,September,3,2024,36,Monday
20240903,2024-09-03,3,9,September,3,2024,36,Tuesday
20240904,2024-09-04,4,9,September,3,2024,36,Wednesday
20240905,2024-09-05,5,9,September,3,2024,36,Thursday
20240906,2024-09-06,6,9,September,3,2024,36,Friday
20240907,2024-09-07,7,9,September,3,2024,36,Saturday
20240908,2024-09-08,8,9,September,3,2024,36,Sunday
20240909,2024-09-09,9,9,September,3,2024,37,Monday
20240910,2024-09-10,10,9,September,3,2024,37,Tuesday
20240911,2024-09-11,11,9,September,3,2024,37,Wednesday
20240912,2024-09-12,12,9,September,3,2024,37,Thursday
20240913,2024-09-13,13,9,September,3,2024,37,Friday
20240914,2024-09-14,14,9,September,3,2024,37,Saturday
20240915,2024-09-15,15,9,September,3,2024,37,Sunday
20240916,2024-09-16,16,9,September,3,2024,38,Monday
20240917,2024-09-17,17,9,September,3,2024,38,Tuesday
20240918,2024-09-18,18,9,September,3,2024,38,Wednesday
20240919,2024-09-19,19,9,September,3,2024,38,Thursday
20240920,2024-09-20,20,9,September,3,2024,38,Friday
20240921,2024-09-21,21,9,September,3,2024,38,Saturday
20240922,2024-09-22,22,9,September,3,2024,38,Sunday
20240923,2024-09-23,23,9,September,3,2024,39,Monday
20240924,2024-09-24,24,9,September,3,2024,39,Tuesday
20240925,2024-09-25,25,9,September,3,2024,39,Wednesday
20240926,2024-09-26,26,9,September,3,2024,39,Thursday
20240927,2024-09-27,27,9,September,3,2024,39,Friday
20240928,2024-09-28,28,9,September,3,2024,39,Saturday
20240929,2024-09-29,29,9,September,3,2024,39,Sunday
20240930,2024-09-30,30,9,September,3,2024,40,Monday
20241001,2024-10-01,1,10,October,4,2024,40,Tuesday
20241002,2024-10-02,2,10,October,4,2024,40,Wednesday
20241003,2024-10-03,3,10,October,4,2024,40,Thursday
20241004,2024-10-04,4,10,October,4,2024,40,Friday
20241005,2024-10-05,5,10,October,4,2024,40,Saturday
20241006,2024-10-06,6,10,October,4,2024,40,Sunday
20241007,2024-10-07,7,10,October,4,2024,41,Monday
20241008,2024-10-08,8,10,October,4,2024,41,Tuesday
20241009,2024-10-09,9,10,October,4,2024,41,Wednesday
20241010,2024-10-10,10,10,October,4,2024,41,Thursday
20241011,2024-10-11,11,10,October,4,2024,41,Friday
20241012,2024-10-12,12,10,October,4,2024,41,Saturday
20241013,2024-10-13,13,10,October,4,2024,41,Sunday
20241014,2024-10-14,14,10,October,4,2024,42,Monday
20241015,2024-10-15,15,10,October,4,2024,42,Tuesday
20241016,2024-10-16,16,10,October,4,2024,42,Wednesday
20241017,2024-10-17,17,10,October,4,2024,42,Thursday
20241018,2024-10-18,18,10,October,4,2024,42,Friday
20241019,2024-10-19,19,10,October,4,2024,42,Saturday
20241020,2024-10-20,20,10,October,4,2024,42,Sunday
20241021,2024-10-21,21,10,October,4,2024,43,Monday
20241022,2024-10-22,22,10,October,4,2024,43,Tuesday
20241023,2024-10-23,23,10,October,4,2024,43,Wednesday
20241024,2024-10-24,24,10,October,4,2024,43,Thursday
20241025,2024-10-25,25,10,October,4,2024,43,Friday
20241026,2024-10-26,26,10,October,4,2024,43,Saturday
20241027,2024-10-27,27,10,October,4,2024,43,Sunday
20241028,2024-10-28,28,10,October,4,2024,44,Monday
20241029,2024-10-29,29,10,October,4,2024,44,Tuesday
20241030,2024-10-30,30,10,October,4,2024,44,Wednesday
20241031,2024-10-31,31,10,October,4,2024,44,Thursday
20241101,2024-11-01,1,11,November,4,2024,44,Friday
20241102,2024-11-02,2,11,November,4,2024,44,Saturday
20241103,2024-11-03,3,11,November,4,2024,44,Sunday
20241104,2024-11-04,4,11,November,4,2024,45,Monday
20241105,2024-11-05,5,11,November,4,2024,45,Tuesday
20241106,2024-11-06,6,11,November,4,2024,45,Wednesday
20241107,2024-11-07,7,11,November,4,2024,45,Thursday
20241108,2024-11-08,8,11,November,4,2024,45,Friday
20241109,2024-11-09,9,11,November,4,2024,45,Saturday
20241110,2024-11-10,10,11,November,4,2024,45,Sunday
20241111,2024-11-11,11,11,November,4,2024,46,Monday
20241112,2024-11-12,12,11,November,4,2024,46,Tuesday
20241113,2024-11-13,13,11,November,4,2024,46,Wednesday
20241114,2024-11-14,14,11,November,4,2024,46,Thursday
20241115,2024-11-15,15,11,November,4,2024,46,Friday
20241116,2024-11-16,16,11,November,4,2024,46,Saturday
20241117,2024-11-17,17,11,November,4,2024,46,Sunday
20241118,2024-11-18,18,11,November,4,2024,47,Monday
20241119,2024-11-19,19,11,November,4,2024,47,Tuesday
20241120,2024-11-20,20,11,November,4,2024,47,Wednesday
20241121,2024-11-21,21,11,November,4,2024,47,Thursday
20241122,2024-11-22,22,11,November,4,2024,47,Friday
20241123,2024-11-23,23,11,November,4,2024,47,Saturday
20241124,2024-11-24,24,11,November,4,2024,47,Sunday
20241125,2024-11-25,25,11,November,4,2024,48,Monday
20241126,2024-11-26,26,11,November,4,2024,48,Tuesday
20241127,2024-11-27,27,11,November,4,2024,48,Wednesday
20241128,2024-11-28,28,11,November,4,2024,48,Thursday
20241129,2024-11-29,29,11,November,4,2024,48,Friday
20241130,2024-11-30,30,11,November,4,2024,48,Saturday
20241201,2024-12-01,1,12,December,4,2024,48,Sunday
20241202,2024-12-02,2,12,December,4,2024,49,Monday
20241203,2024-12-03,3,12,December,4,2024,49,Tuesday
20241204,2024-12-04,4,12,December,4,2024,49,Wednesday
20241205,2024-12-05,5,12,December,4,2024,49,Thursday
20241206,2024-12-06,6,12,December,4,2024,49,Friday
20241207,2024-12-07,7,12,December,4,2024,49,Saturday
20241208,2024-12-08,8,12,December,4,2024,49,Sunday
20241209,2024-12-09,9,12,December,4,2024,50,Monday
20241210,2024-12-10,10,12,December,4,2024,50,Tuesday
20241211,2024-12-11,11,12,December,4,2024,50,Wednesday
20241212,2024-12-12,12,12,December,4,2024,50,Thursday
20241213,2024-12-13,13,12,December,4,2024,50,Friday
20241214,2024-12-14,14,12,December,4,2024,50,Saturday
20241215,2024-12-15,15,12,December,4,2024,50,Sunday
20241216,2024-12-16,16,12,December,4,2024,51,Monday
20241217,2024-12-17,17,12,December,4,2024,51,Tuesday
20241218,2024-12-18,18,12,December,4,2024,51,Wednesday
20241219,2024-12-19,19,12,December,4,2024,51,Thursday
20241220,2024-12-20,20,12,December,4,2024,51,Friday
20241221,2024-12-21,21,12,December,4,2024,51,Saturday
20241222,2024-12-22,22,12,December,4,2024,51,Sunday
20241223,2024-12-23,23,12,December,4,2024,52,Monday
20241224,2024-12-24,24,12,December,4,2024,52,Tuesday
20241225,2024-12-25,25,12,December,4,2024,52,Wednesday
20241226,2024-12-26,26,12,December,4,2024,52,Thursday
20241227,2024-12-27,27,12,December,4,2024,52,Friday
20241228,2024-12-28,28,12,December,4,2024,52,Saturday
20241229,2024-12-29,29,12,December,4,2024,52,Sunday
20241230,2024-12-30,30,12,December,4,2024,1,Monday
20241231,2024-12-31,31,12,December,4,2024,1,Tuesday
20250101,2025-01-01,1,1,January,1,2025,1,Wednesday
20250102,2025-01-02,2,1,January,1,2025,1,Thursday
20250103,2025-01-03,3,1,January,1,2025,1,Friday
20250104,2025-01-04,4,1,January,1,2025,1,Saturday
20250105,2025-01-05,5,1,January,1,2025,1,Sunday
20250106,2025-01-06,6,1,January,1,2025,2,Monday
20250107,2025-01-07,7,1,January,1,2025,2,Tuesday
20250108,2025-01-08,8,1,January,1,2025,2,Wednesday
20250109,2025-01-09,9,1,January,1,2025,2,Thursday
20250110,2025-01-10,10,1,January,1,2025,2,Friday
20250111,2025-01-11,11,1,January,1,2025,2,Saturday
20250112,2025-01-12,12,1,January,1,2025,2,Sunday
20250113,2025-01-13,13,1,January,1,2025,3,Monday
20250114,2025-01-14,14,1,January,1,2025,3,Tuesday
20250115,2025-01-15,15,1,January,1,2025,3,Wednesday
20250116,2025-01-16,16,1,January,1,2025,3,Thursday
20250117,2025-01-17,17,1,January,1,2025,3,Friday
20250118,2025-01-18,18,1,January,1,2025,3,Saturday
20250119,2025-01-19,19,1,January,1,2025,3,Sunday
20250120,2025-01-20,20,1,January,1,2025,4,Monday
20250121,2025-01-21,21,1,January,1,2025,4,Tuesday
20250122,2025-01-22,22,1,January,1,2025,4,Wednesday
20250123,2025-01-23,23,1,January,1,2025,4,Thursday
20250124,2025-01-24,24,1,January,1,2025,4,Friday
20250125,2025-01-25,25,1,January,1,2025,4,Saturday
20250126,2025-01-26,26,1,January,1,2025,4,Sunday
20250127,2025-01-27,27,1,January,1,2025,5,Monday
20250128,2025-01-28,28,1,January,1,2025,5,Tuesday
20250129,2025-01-29,29,1,January,1,2025,5,Wednesday
20250130,2025-01-30,30,1,January,1,2025,5,Thursday
20250131,2025-01-31,31,1,January,1,2025,5,Friday
20250201,2025-02-01,1,2,February,1,2025,5,Saturday
20250202,2025-02-02,2,2,February,1,2025,5,Sunday
20250203,2025-02-03,3,2,February,1,2025,6,Monday
20250204,2025-02-04,4,2,February,1,2025,6,Tuesday
20250205,2025-02-05,5,2,February,1,2025,6,Wednesday
20250206,2025-02-06,6,2,February,1,2025,6,Thursday
20250207,2025-02-07,7,2,February,1,2025,6,Friday
20250208,2025-02-08,8,2,February,1,2025,6,Saturday
20250209,2025-02-09,9,2,February,1,2025,6,Sunday
20250210,2025-02-10,10,2,February,1,2025,7,Monday
20250211,2025-02-11,11,2,February,1,2025,7,Tuesday
20250212,2025-02-12,12,2,February,1,2025,7,Wednesday
20250213,2025-02-13,13,2,February,1,2025,7,Thursday
20250214,2025-02-14,14,2,February,1,2025,7,Friday
20250215,2025-02-15,15,2,February,1,2025,7,Saturday
20250216,2025-02-16,16,2,February,1,2025,7,Sunday
20250217,2025-02-17,17,2,February,1,2025,8,Monday
20250218,2025-02-18,18,2,February,1,2025,8,Tuesday
20250219,2025-02-19,19,2,February,1,2025,8,Wednesday
20250220,2025-02-20,20,2,February,1,2025,8,Thursday
20250221,2025-02-21,21,2,February,1,2025,8,Friday
20250222,2025-02-22,22,2,February,1,2025,8,Saturday
20250223,2025-02-23,23,2,February,1,2025,8,Sunday
20250224,2025-02-24,24,2,February,1,2025,9,Monday
20250225,2025-02-25,25,2,February,1,2025,9,Tuesday
20250226,2025-02-26,26,2,February,1,2025,9,Wednesday
20250227,2025-02-27,27,2,February,1,2025,9,Thursday
20250228,2025-02-28,28,2,February,1,2025,9,Friday
20250301,2025-03-01,1,3,March,1,2025,9,Saturday
20250302,2025-03-02,2,3,March,1,2025,9,Sunday
20250303,2025-03-03,3,3,March,1,2025,10,Monday
20250304,2025-03-04,4,3,March,1,2025,10,Tuesday
20250305,2025-03-05,5,3,March,1,2025,10,Wednesday
20250306,2025-03-06,6,3,March,1,2025,10,Thursday
20250307,2025-03-07,7,3,March,1,2025,10,Friday
20250308,2025-03-08,8,3,March,1,2025,10,Saturday
20250309,2025-03-09,9,3,March,1,2025,10,Sunday
20250310,2025-03-10,10,3,March,1,2025,11,Monday
20250311,2025-03-11,11,3,March,1,2025,11,Tuesday
20250312,2025-03-12,12,3,March,1,2025,11,Wednesday
20250313,2025-03-13,13,3,March,1,2025,11,Thursday
20250314,2025-03-14,14,3,March,1,2025,11,Friday
20250315,2025-03-15,15,3,March,1,2025,11,Saturday
20250316,2025-03-16,16,3,March,1,2025,11,Sunday
20250317,2025-03-17,17,3,March,1,2025,12,Monday
20250318,2025-03-18,18,3,March,1,2025,12,Tuesday
20250319,2025-03-19,19,3,March,1,2025,12,Wednesday
20250320,2025-03-20,20,3,March,1,2025,12,Thursday
20250321,2025-03-21,21,3,March,1,2025,12,Friday
20250322,2025-03-22,22,3,March,1,2025,12,Saturday
20250323,2025-03-23,23,3,March,1,2025,12,Sunday
20250324,2025-03-24,24,3,March,1,2025,13,Monday
20250325,2025-03-25,25,3,March,1,2025,13,Tuesday
20250326,2025-03-26,26,3,March,1,2025,13,Wednesday
20250327,2025-03-27,27,3,March,1,2025,13,Thursday
20250328,2025-03-28,28,3,March,1,2025,13,Friday
20250329,2025-03-29,29,3,March,1,2025,13,Saturday
20250330,2025-03-30,30,3,March,1,2025,13,Sunday
20250331,2025-03-31,31,3,March,1,2025,14,Monday
20250401,2025-04-01,1,4,April,2,2025,14,Tuesday
20250402,2025-04-02,2,4,April,2,2025,14,Wednesday
20250403,2025-04-03,3,4,April,2,2025,14,Thursday
20250404,2025-04-04,4,4,April,2,2025,14,Friday
20250405,2025-04-05,5,4,April,2,2025,14,Saturday
20250406,2025-04-06,6,4,April,2,2025,14,Sunday
20250407,2025-04-07,7,4,April,2,2025,15,Monday
20250408,2025-04-08,8,4,April,2,2025,15,Tuesday
20250409,2025-04-09,9,4,April,2,2025,15,Wednesday
20250410,2025-04-10,10,4,April,2,2025,15,Thursday
20250411,2025-04-11,11,4,April,2,2025,15,Friday
20250412,2025-04-12,12,4,April,2,2025,15,Saturday
20250413,2025-04-13,13,4,April,2,2025,15,Sunday
20250414,2025-04-14,14,4,April,2,2025,16,Monday
20250415,2025-04-15,15,4,April,2,2025,16,Tuesday
20250416,2025-04-16,16,4,April,2,2025,16,Wednesday
20250417,2025-04-17,17,4,April,2,2025,16,Thursday
20250418,2025-04-18,18,4,April,2,2025,16,Friday
20250419,2025-04-19,19,4,April,2,2025,16,Saturday
20250420,2025-04-20,20,4,April,2,2025,16,Sunday
20250421,2025-04-21,21,4,April,2,2025,17,Monday
20250422,2025-04-22,22,4,April,2,2025,17,Tuesday
20250423,2025-04-23,23,4,April,2,2025,17,Wednesday
20250424,2025-04-24,24,4,April,2,2025,17,Thursday
20250425,2025-04-25,25,4,April,2,2025,17,Friday
20250426,2025-04-26,26,4,April,2,2025,17,Saturday
20250427,2025-04-27,27,4,April,2,2025,17,Sunday
20250428,2025-04-28,28,4,April,2,2025,18,Monday
20250429,2025-04-29,29,4,April,2,2025,18,Tuesday
20250430,2025-04-30,30,4,April,2,2025,18,Wednesday
20250501,2025-05-01,1,5,May,2,2025,18,Thursday
20250502,2025-05-02,2,5,May,2,2025,18,Friday
20250503,2025-05-03,3,5,May,2,2025,18,Saturday
20250504,2025-05-04,4,5,May,2,2025,18,Sunday
20250505,2025-05-05,5,5,May,2,2025,19,Monday
20250506,2025-05-06,6,5,May,2,2025,19,Tuesday
20250507,2025-05-07,7,5,May,2,2025,19,Wednesday
20250508,2025-05-08,8,5,May,2,2025,19,Thursday
20250509,2025-05-09,9,5,May,2,2025,19,Friday
20250510,2025-05-10,10,5,May,2,2025,19,Saturday
20250511,2025-05-11,11,5,May,2,2025,19,Sunday
20250512,2025-05-12,12,5,May,2,2025,20,Monday
20250513,2025-05-13,13,5,May,2,2025,20,Tuesday
20250514,2025-05-14,14,5,May,2,2025,20,Wednesday
20250515,2025-05-15,15,5,May,2,2025,20,Thursday
20250516,2025-05-16,16,5,May,2,2025,20,Friday
20250517,2025-05-17,17,5,May,2,2025,20,Saturday
20250518,2025-05-18,18,5,May,2,2025,20,Sunday
20250519,2025-05-19,19,5,May,2,2025,21,Monday
20250520,2025-05-20,20,5,May,2,2025,21,Tuesday
20250521,2025-05-21,21,5,May,2,2025,21,Wednesday
20250522,2025-05-22,22,5,May,2,2025,21,Thursday
20250523,2025-05-23,23,5,May,2,2025,21,Friday
20250524,2025-05-24,24,5,May,2,2025,21,Saturday
20250525,2025-05-25,25,5,May,2,2025,21,Sunday
20250526,2025-05-26,26,5,May,2,2025,22,Monday
20250527,2025-05-27,27,5,May,2,2025,22,Tuesday
20250528,2025-05-28,28,5,May,2,2025,22,Wednesday
20250529,2025-05-29,29,5,May,2,2025,22,Thursday
20250530,2025-05-30,30,5,May,2,2025,22,Friday
20250531,2025-05-31,31,5,May,2,2025,22,Saturday
20250601,2025-06-01,1,6,June,2,2025,22,Sunday
20250602,2025-06-02,2,6,June,2,2025,23,Monday
20250603,2025-06-03,3,6,June,2,2025,23,Tuesday
20250604,2025-06-04,4,6,June,2,2025,23,Wednesday
20250605,2025-06-05,5,6,June,2,2025,23,Thursday
20250606,2025-06-06,6,6,June,2,2025,23,Friday
20250607,2025-06-07,7,6,June,2,2025,23,Saturday
20250608,2025-06-08,8,6,June,2,2025,23,Sunday
20250609,2025-06-09,9,6,June,2,2025,24,Monday
20250610,2025-06-10,10,6,June,2,2025,24,Tuesday
20250611,2025-06-11,11,6,June,2,2025,24,Wednesday
20250612,2025-06-12,12,6,June,2,2025,24,Thursday
20250613,2025-06-13,13,6,June,2,2025,24,Friday
20250614,2025-06-14,14,6,June,2,2025,24,Saturday
20250615,2025-06-15,15,6,June,2,2025,24,Sunday
20250616,2025-06-16,16,6,June,2,2025,25,Monday
20250617,2025-06-17,17,6,June,2,2025,25,Tuesday
20250618,2025-06-18,18,6,June,2,2025,25,Wednesday
20250619,2025-06-19,19,6,June,2,2025,25,Thursday
20250620,2025-06-20,20,6,June,2,2025,25,Friday
20250621,2025-06-21,21,6,June,2,2025,25,Saturday
20250622,2025-06-22,22,6,June,2,2025,25,Sunday
20250623,2025-06-23,23,6,June,2,2025,26,Monday
20250624,2025-06-24,24,6,June,2,2025,26,Tuesday
20250625,2025-06-25,25,6,June,2,2025,26,Wednesday
20250626,2025-06-26,26,6,June,2,2025,26,Thursday
20250627,2025-06-27,27,6,June,2,2025,26,Friday
20250628,2025-06-28,28,6,June,2,2025,26,Saturday
20250629,2025-06-29,29,6,June,2,2025,26,Sunday
20250630,2025-06-30,30,6,June,2,2025,27,Monday
20250701,2025-07-01,1,7,July,3,2025,27,Tuesday
20250702,2025-07-02,2,7,July,3,2025,27,Wednesday
20250703,2025-07-03,3,7,July,3,2025,27,Thursday
20250704,2025-07-04,4,7,July,3,2025,27,Friday
20250705,2025-07-05,5,7,July,3,2025,27,Saturday
20250706,2025-07-06,6,7,July,3,2025,27,Sunday
20250707,2025-07-07,7,7,July,3,2025,28,Monday
20250708,2025-07-08,8,7,July,3,2025,28,Tuesday
20250709,2025-07-09,9,7,July,3,2025,28,Wednesday
20250710,2025-07-10,10,7,July,3,2025,28,Thursday
20250711,2025-07-11,11,7,July,3,2025,28,Friday
20250712,2025-07-12,12,7,July,3,2025,28,Saturday
20250713,2025-07-13,13,7,July,3,2025,28,Sunday
20250714,2025-07-14,14,7,July,3,2025,29,Monday
20250715,2025-07-15,15,7,July,3,2025,29,Tuesday
20250716,2025-07-16,16,7,July,3,2025,29,Wednesday
20250717,2025-07-17,17,7,July,3,2025,29,Thursday
20250718,2025-07-18,18,7,July,3,2025,29,Friday
20250719,2025-07-19,19,7,July,3,2025,29,Saturday
20250720,2025-07-20,20,7,July,3,2025,29,Sunday
20250721,2025-07-21,21,7,July,3,2025,30,Monday
20250722,2025-07-22,22,7,July,3,2025,30,Tuesday
20250723,2025-07-23,23,7,July,3,2025,30,Wednesday
20250724,2025-07-24,24,7,July,3,2025,30,Thursday
20250725,2025-07-25,25,7,July,3,2025,30,Friday
20250726,2025-07-26,26,7,July,3,2025,30,Saturday
20250727,2025-07-27,27,7,July,3,2025,30,Sunday
20250728,2025-07-28,28,7,July,3,2025,31,Monday
20250729,2025-07-29,29,7,July,3,2025,31,Tuesday
20250730,2025-07-30,30,7,July,3,2025,31,Wednesday
20250731,2025-07-31,31,7,July,3,2025,31,Thursday
20250801,2025-08-01,1,8,August,3,2025,31,Friday
20250802,2025-08-02,2,8,August,3,2025,31,Saturday
20250803,2025-08-03,3,8,August,3,2025,31,Sunday
20250804,2025-08-04,4,8,August,3,2025,32,Monday
20250805,2025-08-05,5,8,August,3,2025,32,Tuesday
20250806,2025-08-06,6,8,August,3,2025,32,Wednesday
20250807,2025-08-07,7,8,August,3,2025,32,Thursday
20250808,2025-08-08,8,8,August,3,2025,32,Friday
20250809,2025-08-09,9,8,August,3,2025,32,Saturday
20250810,2025-08-10,10,8,August,3,2025,32,Sunday
20250811,2025-08-11,11,8,August,3,2025,33,Monday
20250812,2025-08-12,12,8,August,3,2025,33,Tuesday
20250813,2025-08-13,13,8,August,3,2025,33,Wednesday
20250814,2025-08-14,14,8,August,3,2025,33,Thursday
20250815,2025-08-15,15,8,August,3,2025,33,Friday
20250816,2025-08-16,16,8,August,3,2025,33,Saturday
20250817,2025-08-17,17,8,August,3,2025,33,Sunday
20250818,2025-08-18,18,8,August,3,2025,34,Monday
20250819,2025-08-19,19,8,August,3,2025,34,Tuesday
20250820,2025-08-20,20,8,August,3,2025,34,Wednesday
20250821,2025-08-21,21,8,August,3,2025,34,Thursday
20250822,2025-08-22,22,8,August,3,2025,34,Friday
20250823,2025-08-23,23,8,August,3,2025,34,Saturday
20250824,2025-08-24,24,8,August,3,2025,34,Sunday
20250825,2025-08-25,25,8,August,3,2025,35,Monday
20250826,2025-08-26,26,8,August,3,2025,35,Tuesday
20250827,2025-08-27,27,8,August,3,2025,35,Wednesday
20250828,2025-08-28,28,8,August,3,2025,35,Thursday
20250829,2025-08-29,29,8,August,3,2025,35,Friday
20250830,2025-08-30,30,8,August,3,2025,35,Saturday
20250831,2025-08-31,31,8,August,3,2025,35,Sunday
20250901,2025-09-01,1,9,September,3,2025,36,Monday
20250902,2025-09-02,2,9,September,3,2025,36,Tuesday
20250903,2025-09-03,3,9,September,3,2025,36,Wednesday
20250904,2025-09-04,4,9,September,3,2025,36,Thursday
20250905,2025-09-05,5,9,September,3,2025,36,Friday
20250906,2025-09-06,6,9,September,3,2025,36,Saturday
20250907,2025-09-07,7,9,September,3,2025,36,Sunday
20250908,2025-09-08,8,9,September,3,2025,37,Monday
20250909,2025-09-09,9,9,September,3,2025,37,Tuesday
20250910,2025-09-10,10,9,September,3,2025,37,Wednesday
20250911,2025-09-11,11,9,September,3,2025,37,Thursday
20250912,2025-09-12,12,9,September,3,2025,37,Friday
20250913,2025-09-13,13,9,September,3,2025,37,Saturday
20250914,2025-09-14,14,9,September,3,2025,37,Sunday
20250915,2025-09-15,15,9,September,3,2025,38,Monday
20250916,2025-09-16,16,9,September,3,2025,38,Tuesday
20250917,2025-09-17,17,9,September,3,2025,38,Wednesday
20250918,2025-09-18,18,9,September,3,2025,38,Thursday
20250919,2025-09-19,19,9,September,3,2025,38,Friday
20250920,2025-09-20,20,9,September,3,2025,38,Saturday
20250921,2025-09-21,21,9,September,3,2025,38,Sunday
20250922,2025-09-22,22,9,September,3,2025,39,Monday
20250923,2025-09-23,23,9,September,3,2025,39,Tuesday
20250924,2025-09-24,24,9,September,3,2025,39,Wednesday
20250925,2025-09-25,25,9,September,3,2025,39,Thursday
20250926,2025-09-26,26,9,September,3,2025,39,Friday
20250927,2025-09-27,27,9,September,3,2025,39,Saturday
20250928,2025-09-28,28,9,September,3,2025,39,Sunday
20250929,2025-09-29,29,9,September,3,2025,40,Monday
20250930,2025-09-30,30,9,September,3,2025,40,Tuesday
20251001,2025-10-01,1,10,October,4,2025,40,Wednesday
20251002,2025-10-02,2,10,October,4,2025,40,Thursday
20251003,2025-10-03,3,10,October,4,2025,40,Friday
20251004,2025-10-04,4,10,October,4,2025,40,Saturday
20251005,2025-10-05,5,10,October,4,2025,40,Sunday
20251006,2025-10-06,6,10,October,4,2025,41,Monday
20251007,2025-10-07,7,10,October,4,2025,41,Tuesday
20251008,2025-10-08,8,10,October,4,2025,41,Wednesday
20251009,2025-10-09,9,10,October,4,2025,41,Thursday
20251010,2025-10-10,10,10,October,4,2025,41,Friday
20251011,2025-10-11,11,10,October,4,2025,41,Saturday
20251012,2025-10-12,12,10,October,4,2025,41,Sunday
20251013,2025-10-13,13,10,October,4,2025,42,Monday
20251014,2025-10-14,14,10,October,4,2025,42,Tuesday
20251015,2025-10-15,15,10,October,4,2025,42,Wednesday
20251016,2025-10-16,16,10,October,4,2025,42,Thursday
20251017,2025-10-17,17,10,October,4,2025,42,Friday
20251018,2025-10-18,18,10,October,4,2025,42,Saturday
20251019,2025-10-19,19,10,October,4,2025,42,Sunday
20251020,2025-10-20,20,10,October,4,2025,43,Monday
20251021,2025-10-21,21,10,October,4,2025,43,Tuesday
20251022,2025-10-22,22,10,October,4,2025,43,Wednesday
20251023,2025-10-23,23,10,October,4,2025,43,Thursday
20251024,2025-10-24,24,10,October,4,2025,43,Friday
20251025,2025-10-25,25,10,October,4,2025,43,Saturday
20251026,2025-10-26,26,10,October,4,2025,43,Sunday
20251027,2025-10-27,27,10,October,4,2025,44,Monday
20251028,2025-10-28,28,10,October,4,2025,44,Tuesday
20251029,2025-10-29,29,10,October,4,2025,44,Wednesday
20251030,2025-10-30,30,10,October,4,2025,44,Thursday
20251031,2025-10-31,31,10,October,4,2025,44,Friday
20251101,2025-11-01,1,11,November,4,2025,44,Saturday
20251102,2025-11-02,2,11,November,4,2025,44,Sunday
20251103,2025-11-03,3,11,November,4,2025,45,Monday
20251104,2025-11-04,4,11,November,4,2025,45,Tuesday
20251105,2025-11-05,5,11,November,4,2025,45,Wednesday
20251106,2025-11-06,6,11,November,4,2025,45,Thursday
20251107,2025-11-07,7,11,November,4,2025,45,Friday
20251108,2025-11-08,8,11,November,4,2025,45,Saturday
20251109,2025-11-09,9,11,November,4,2025,45,Sunday
20251110,2025-11-10,10,11,November,4,2025,46,Monday
20251111,2025-11-11,11,11,November,4,2025,46,Tuesday
20251112,2025-11-12,12,11,November,4,2025,46,Wednesday
20251113,2025-11-13,13,11,November,4,2025,46,Thursday
20251114,2025-11-14,14,11,November,4,2025,46,Friday
20251115,2025-11-15,15,11,November,4,2025,46,Saturday
20251116,2025-11-16,16,11,November,4,2025,46,Sunday
20251117,2025-11-17,17,11,November,4,2025,47,Monday
20251118,2025-11-18,18,11,November,4,2025,47,Tuesday
20251119,2025-11-19,19,11,November,4,2025,47,Wednesday
20251120,2025-11-20,20,11,November,4,2025,47,Thursday
20251121,2025-11-21,21,11,November,4,2025,47,Friday
20251122,2025-11-22,22,11,November,4,2025,47,Saturday
20251123,2025-11-23,23,11,November,4,2025,47,Sunday
20251124,2025-11-24,24,11,November,4,2025,48,Monday
20251125,2025-11-25,25,11,November,4,2025,48,Tuesday
20251126,2025-11-26,26,11,November,4,2025,48,Wednesday
20251127,2025-11-27,27,11,November,4,2025,48,Thursday
20251128,2025-11-28,28,11,November,4,2025,48,Friday
20251129,2025-11-29,29,11,November,4,2025,48,Saturday
20251130,2025-11-30,30,11,November,4,2025,48,Sunday
20251201,2025-12-01,1,12,December,4,2025,49,Monday
20251202,2025-12-02,2,12,December,4,2025,49,Tuesday
20251203,2025-12-03,3,12,December,4,2025,49,Wednesday
20251204,2025-12-04,4,12,December,4,2025,49,Thursday
20251205,2025-12-05,5,12,December,4,2025,49,Friday
20251206,2025-12-06,6,12,December,4,2025,49,Saturday
20251207,2025-12-07,7,12,December,4,2025,49,Sunday
20251208,2025-12-08,8,12,December,4,2025,50,Monday
20251209,2025-12-09,9,12,December,4,2025,50,Tuesday
20251210,2025-12-10,10,12,December,4,2025,50,Wednesday
20251211,2025-12-11,11,12,December,4,2025,50,Thursday
20251212,2025-12-12,12,12,December,4,2025,50,Friday
20251213,2025-12-13,13,12,December,4,2025,50,Saturday
20251214,2025-12-14,14,12,December,4,2025,50,Sunday
20251215,2025-12-15,15,12,December,4,2025,51,Monday
20251216,2025-12-16,16,12,December,4,2025,51,Tuesday
20251217,2025-12-17,17,12,December,4,2025,51,Wednesday
20251218,2025-12-18,18,12,December,4,2025,51,Thursday
20251219,2025-12-19,19,12,December,4,2025,51,Friday
20251220,2025-12-20,20,12,December,4,2025,51,Saturday
20251221,2025-12-21,21,12,December,4,2025,51,Sunday
20251222,2025-12-22,22,12,December,4,2025,52,Monday
20251223,2025-12-23,23,12,December,4,2025,52,Tuesday
20251224,2025-12-24,24,12,December,4,2025,52,Wednesday
20251225,2025-12-25,25,12,December,4,2025,52,Thursday
20251226,2025-12-26,26,12,December,4,2025,52,Friday
20251227,2025-12-27,27,12,December,4,2025,52,Saturday
20251228,2025-12-28,28,12,December,4,2025,52,Sunday
20251229,2025-12-29,29,12,December,4,2025,1,Monday
20251230,2025-12-30,30,12,December,4,2025,1,Tuesday
20251231,2025-12-31,31,12,December,4,2025,1,Wednesday
